/*******************************************************************************
 * Size: 34 px
 * Bpp: 4
 * Opts: --font beleren-bold_P1.01.ttf --bpp 4 --size 34 --range 0x20-0x7F,0xB0 --format lvgl --no-compress --lv-include lvgl.h -o lv_font_beleren_bold_34.c
 ******************************************************************************/

#ifdef LV_LVGL_H_INCLUDE_SIMPLE
#include "lvgl.h"
#else
#include "lvgl.h"
#endif

#ifndef LV_FONT_BELEREN_BOLD_34
#define LV_FONT_BELEREN_BOLD_34 1
#endif

#if LV_FONT_BELEREN_BOLD_34

/*-----------------
 *    BITMAPS
 *----------------*/

/*Store the image of the glyphs*/
static LV_ATTRIBUTE_LARGE_CONST const uint8_t glyph_bitmap[] = {
    /* U+0020 " " */

    /* U+0021 "!" */
    0x8, 0xff, 0xff, 0xa0, 0x7, 0xff, 0xff, 0x90,
    0x6, 0xff, 0xff, 0x70, 0x5, 0xff, 0xff, 0x60,
    0x3, 0xff, 0xff, 0x50, 0x2, 0xff, 0xff, 0x30,
    0x1, 0xff, 0xff, 0x20, 0x0, 0xff, 0xff, 0x10,
    0x0, 0xef, 0xff, 0x0, 0x0, 0xdf, 0xfe, 0x0,
    0x0, 0xcf, 0xfd, 0x0, 0x0, 0xaf, 0xfb, 0x0,
    0x0, 0x9f, 0xfa, 0x0, 0x0, 0x3f, 0xf4, 0x0,
    0x0, 0xd, 0xe0, 0x0, 0x0, 0x6, 0x70, 0x0,
    0x0, 0x1, 0x10, 0x0, 0x0, 0x3, 0x30, 0x0,
    0x0, 0x1d, 0xe1, 0x0, 0x1, 0xdf, 0xfd, 0x20,
    0x1e, 0xff, 0xff, 0xf2, 0x5, 0xff, 0xff, 0x60,
    0x0, 0x4f, 0xf5, 0x0, 0x0, 0x4, 0x40, 0x0,

    /* U+0022 "\"" */
    0x4f, 0xff, 0x80, 0xc, 0xff, 0xf0, 0x2f, 0xff,
    0x70, 0xa, 0xff, 0xe0, 0xf, 0xff, 0x50, 0x9,
    0xff, 0xc0, 0xf, 0xff, 0x40, 0x7, 0xff, 0xb0,
    0xd, 0xff, 0x20, 0x6, 0xff, 0x90, 0xb, 0xff,
    0x0, 0x4, 0xff, 0x80, 0x9, 0xfe, 0x0, 0x2,
    0xff, 0x50, 0x3, 0xf8, 0x0, 0x0, 0xcf, 0x0,
    0x0, 0xc1, 0x0, 0x0, 0x58, 0x0, 0x0, 0x10,
    0x0, 0x0, 0x1, 0x0,

    /* U+0023 "#" */
    0x0, 0x0, 0x0, 0x9, 0xff, 0x0, 0x9, 0xff,
    0x10, 0x0, 0x0, 0x0, 0xe, 0xfb, 0x0, 0xe,
    0xfb, 0x0, 0x0, 0x0, 0x0, 0x4f, 0xf5, 0x0,
    0x3f, 0xf6, 0x0, 0x0, 0x0, 0x0, 0x9f, 0xf0,
    0x0, 0x9f, 0xf1, 0x0, 0x0, 0x0, 0x0, 0xef,
    0xa0, 0x0, 0xef, 0xb0, 0x0, 0x0, 0x0, 0x4,
    0xff, 0x50, 0x4, 0xff, 0x50, 0x0, 0xff, 0xff,
    0xff, 0xff, 0xff, 0xff, 0xff, 0xff, 0xf0, 0xff,
    0xff, 0xff, 0xff, 0xff, 0xff, 0xff, 0xff, 0xf0,
    0xff, 0xff, 0xff, 0xff, 0xff, 0xff, 0xff, 0xff,
    0xf0, 0x55, 0x55, 0xaf, 0xf7, 0x55, 0xaf, 0xf7,
    0x55, 0x50, 0x0, 0x0, 0xaf, 0xe0, 0x0, 0xaf,
    0xf0, 0x0, 0x0, 0x0, 0x0, 0xef, 0xa0, 0x0,
    0xef, 0xb0, 0x0, 0x0, 0x0, 0x3, 0xff, 0x60,
    0x2, 0xff, 0x70, 0x0, 0x0, 0xff, 0xff, 0xff,
    0xff, 0xff, 0xff, 0xff, 0xff, 0xf0, 0xff, 0xff,
    0xff, 0xff, 0xff, 0xff, 0xff, 0xff, 0xf0, 0xff,
    0xff, 0xff, 0xff, 0xff, 0xff, 0xff, 0xff, 0xf0,
    0x55, 0x8f, 0xf8, 0x55, 0x8f, 0xf8, 0x55, 0x55,
    0x50, 0x0, 0x9f, 0xf0, 0x0, 0x8f, 0xf1, 0x0,
    0x0, 0x0, 0x0, 0xdf, 0xc0, 0x0, 0xdf, 0xc0,
    0x0, 0x0, 0x0, 0x2, 0xff, 0x70, 0x2, 0xff,
    0x70, 0x0, 0x0, 0x0, 0x6, 0xff, 0x30, 0x6,
    0xff, 0x30, 0x0, 0x0, 0x0, 0xb, 0xfe, 0x0,
    0xb, 0xfe, 0x0, 0x0, 0x0, 0x0, 0xf, 0xfa,
    0x0, 0xf, 0xfa, 0x0, 0x0, 0x0, 0x0,

    /* U+0024 "$" */
    0x0, 0x0, 0x0, 0x40, 0x0, 0x0, 0x0, 0x0,
    0x0, 0x0, 0x92, 0x0, 0x0, 0x0, 0x0, 0x0,
    0x0, 0xd6, 0x0, 0x0, 0x0, 0x0, 0x0, 0x0,
    0xfa, 0x0, 0x0, 0x0, 0x0, 0x0, 0x4, 0xfe,
    0x0, 0x0, 0x0, 0x0, 0x0, 0x4b, 0xff, 0x62,
    0x0, 0x0, 0x0, 0x7f, 0xff, 0xcd, 0xff, 0xd5,
    0x0, 0x9, 0xff, 0xf3, 0x0, 0x3e, 0xfb, 0x0,
    0x3f, 0xff, 0xa0, 0x0, 0x3, 0xf9, 0x0, 0x8f,
    0xff, 0xb0, 0x0, 0x0, 0x98, 0x0, 0x9f, 0xff,
    0xf4, 0x0, 0x0, 0x26, 0x0, 0x8f, 0xff, 0xff,
    0x60, 0x0, 0x2, 0x0, 0x3f, 0xff, 0xff, 0xfc,
    0x30, 0x0, 0x0, 0xa, 0xff, 0xff, 0xff, 0xf8,
    0x0, 0x0, 0x0, 0xaf, 0xff, 0xff, 0xff, 0xc1,
    0x0, 0x0, 0x6, 0xff, 0xff, 0xff, 0xfd, 0x0,
    0x0, 0x0, 0x2b, 0xff, 0xff, 0xff, 0x80, 0x0,
    0x0, 0x0, 0x6f, 0xff, 0xff, 0xf0, 0x5, 0x0,
    0x0, 0x3, 0xff, 0xff, 0xf2, 0x1c, 0x0, 0x0,
    0x0, 0x9f, 0xff, 0xf2, 0x3f, 0x50, 0x0, 0x0,
    0x6f, 0xff, 0xf0, 0x4f, 0xe1, 0x0, 0x0, 0x9f,
    0xff, 0x80, 0x5f, 0xfe, 0x61, 0x17, 0xff, 0xf9,
    0x0, 0x5, 0xcf, 0xff, 0xff, 0xea, 0x30, 0x0,
    0x0, 0x0, 0x28, 0xff, 0x0, 0x0, 0x0, 0x0,
    0x0, 0x3, 0xfc, 0x0, 0x0, 0x0, 0x0, 0x0,
    0x0, 0xf9, 0x0, 0x0, 0x0, 0x0, 0x0, 0x0,
    0xb5, 0x0, 0x0, 0x0, 0x0, 0x0, 0x0, 0x71,
    0x0, 0x0, 0x0, 0x0, 0x0, 0x0, 0x10, 0x0,
    0x0, 0x0,

    /* U+0025 "%" */
    0x0, 0x7, 0xdf, 0xfc, 0x60, 0x0, 0x0, 0x0,
    0x0, 0x4, 0xff, 0x90, 0x0, 0x0, 0x2, 0xdf,
    0xd6, 0x7e, 0xfc, 0x10, 0x0, 0x0, 0x0, 0xe,
    0xfe, 0x0, 0x0, 0x0, 0xc, 0xff, 0x30, 0x5,
    0xff, 0xb0, 0x0, 0x0, 0x0, 0xaf, 0xf4, 0x0,
    0x0, 0x0, 0x5f, 0xfe, 0x0, 0x0, 0xff, 0xf3,
    0x0, 0x0, 0x4, 0xff, 0x90, 0x0, 0x0, 0x0,
    0x9f, 0xfc, 0x0, 0x0, 0xef, 0xf8, 0x0, 0x0,
    0x1e, 0xfd, 0x0, 0x0, 0x0, 0x0, 0xcf, 0xfb,
    0x0, 0x0, 0xdf, 0xfa, 0x0, 0x0, 0xaf, 0xf3,
    0x0, 0x0, 0x0, 0x0, 0xcf, 0xfb, 0x0, 0x0,
    0xdf, 0xfa, 0x0, 0x5, 0xff, 0x80, 0x0, 0x0,
    0x0, 0x0, 0xaf, 0xfb, 0x0, 0x0, 0xdf, 0xf8,
    0x0, 0x1e, 0xfc, 0x0, 0x0, 0x0, 0x0, 0x0,
    0x6f, 0xfd, 0x0, 0x0, 0xff, 0xf5, 0x0, 0xbf,
    0xf2, 0x0, 0x0, 0x0, 0x0, 0x0, 0xe, 0xff,
    0x10, 0x3, 0xff, 0xd0, 0x6, 0xff, 0x70, 0x4c,
    0xff, 0xe9, 0x10, 0x0, 0x4, 0xff, 0xa2, 0x2c,
    0xfe, 0x20, 0x2f, 0xfc, 0x7, 0xff, 0x74, 0xbf,
    0xe2, 0x0, 0x0, 0x3b, 0xff, 0xff, 0xa2, 0x0,
    0xcf, 0xf2, 0x4f, 0xf9, 0x0, 0xf, 0xfd, 0x0,
    0x0, 0x0, 0x13, 0x30, 0x0, 0x7, 0xff, 0x60,
    0xcf, 0xf5, 0x0, 0xb, 0xff, 0x60, 0x0, 0x0,
    0x0, 0x0, 0x0, 0x2f, 0xfb, 0x2, 0xff, 0xf2,
    0x0, 0x8, 0xff, 0xc0, 0x0, 0x0, 0x0, 0x0,
    0x0, 0xcf, 0xe1, 0x5, 0xff, 0xf1, 0x0, 0x7,
    0xff, 0xf0, 0x0, 0x0, 0x0, 0x0, 0x7, 0xff,
    0x50, 0x6, 0xff, 0xf1, 0x0, 0x7, 0xff, 0xf0,
    0x0, 0x0, 0x0, 0x0, 0x3f, 0xfa, 0x0, 0x6,
    0xff, 0xf1, 0x0, 0x7, 0xff, 0xf0, 0x0, 0x0,
    0x0, 0x0, 0xdf, 0xe1, 0x0, 0x5, 0xff, 0xf1,
    0x0, 0x7, 0xff, 0xf0, 0x0, 0x0, 0x0, 0x8,
    0xff, 0x40, 0x0, 0x2, 0xff, 0xf2, 0x0, 0x8,
    0xff, 0xb0, 0x0, 0x0, 0x0, 0x3f, 0xfa, 0x0,
    0x0, 0x0, 0xcf, 0xf5, 0x0, 0xb, 0xff, 0x60,
    0x0, 0x0, 0x0, 0xdf, 0xe0, 0x0, 0x0, 0x0,
    0x4f, 0xf9, 0x0, 0xf, 0xfd, 0x0, 0x0, 0x0,
    0x9, 0xff, 0x40, 0x0, 0x0, 0x0, 0x6, 0xff,
    0x85, 0xcf, 0xd2, 0x0, 0x0, 0x0, 0x4f, 0xf9,
    0x0, 0x0, 0x0, 0x0, 0x0, 0x3a, 0xef, 0xd8,
    0x0, 0x0,

    /* U+0026 "&" */
    0x0, 0x0, 0x3, 0x9b, 0xcb, 0x84, 0x0, 0x0,
    0x0, 0x0, 0x0, 0x0, 0xaf, 0xff, 0xff, 0xff,
    0xd5, 0x0, 0x0, 0x0, 0x0, 0xa, 0xff, 0xf5,
    0x1, 0x9f, 0xff, 0x20, 0x0, 0x0, 0x0, 0x2f,
    0xff, 0x90, 0x0, 0xb, 0xfa, 0x0, 0x0, 0x0,
    0x0, 0x6f, 0xff, 0x80, 0x0, 0x4, 0xf1, 0x0,
    0x0, 0x0, 0x0, 0x6f, 0xff, 0xd0, 0x0, 0x1,
    0x80, 0x0, 0x0, 0x0, 0x0, 0x3f, 0xff, 0xf8,
    0x0, 0x0, 0x0, 0x0, 0x0, 0x0, 0x0, 0xd,
    0xff, 0xff, 0x40, 0x0, 0x0, 0x0, 0x0, 0x0,
    0x0, 0x5, 0xff, 0xff, 0xe1, 0x0, 0x0, 0x0,
    0x0, 0x0, 0x0, 0x0, 0xbf, 0xff, 0xfc, 0x0,
    0x0, 0x0, 0x0, 0x0, 0x0, 0x4, 0xdf, 0xff,
    0xff, 0x90, 0x0, 0x0, 0x0, 0x0, 0x0, 0x8f,
    0xfe, 0xff, 0xff, 0xf5, 0x2, 0x89, 0x99, 0x70,
    0x7, 0xff, 0xf3, 0x7f, 0xff, 0xff, 0x20, 0x3f,
    0xff, 0xc0, 0x2f, 0xff, 0xc0, 0xa, 0xff, 0xff,
    0xc0, 0x7, 0xff, 0xb0, 0x8f, 0xff, 0x80, 0x0,
    0xdf, 0xff, 0xf9, 0x2, 0xff, 0x70, 0xbf, 0xff,
    0x70, 0x0, 0x2f, 0xff, 0xff, 0x51, 0xff, 0x30,
    0xcf, 0xff, 0x80, 0x0, 0x5, 0xff, 0xff, 0xf6,
    0xfc, 0x0, 0xbf, 0xff, 0xc0, 0x0, 0x0, 0x8f,
    0xff, 0xff, 0xf3, 0x0, 0x8f, 0xff, 0xf3, 0x0,
    0x0, 0xb, 0xff, 0xff, 0xc0, 0x0, 0x2f, 0xff,
    0xfe, 0x20, 0x0, 0x1, 0xdf, 0xff, 0xf6, 0x0,
    0x7, 0xff, 0xff, 0xf9, 0x43, 0x46, 0xdf, 0xff,
    0xff, 0x20, 0x0, 0x6f, 0xff, 0xff, 0xff, 0xff,
    0xeb, 0xff, 0xff, 0xc0, 0x0, 0x1, 0x7c, 0xef,
    0xfd, 0xb6, 0x0, 0xcf, 0xff, 0xf8,

    /* U+0027 "'" */
    0x4f, 0xff, 0x82, 0xff, 0xf7, 0xf, 0xff, 0x50,
    0xff, 0xf4, 0xd, 0xff, 0x20, 0xbf, 0xf0, 0x9,
    0xfe, 0x0, 0x3f, 0x80, 0x0, 0xc1, 0x0, 0x1,
    0x0,

    /* U+0028 "(" */
    0x0, 0x0, 0x0, 0x0, 0x0, 0x0, 0x0, 0x0,
    0x0, 0x56, 0x0, 0x0, 0x0, 0xa, 0xd0, 0x0,
    0x0, 0x0, 0xbf, 0x40, 0x0, 0x0, 0xb, 0xfc,
    0x0, 0x0, 0x0, 0x7f, 0xf6, 0x0, 0x0, 0x3,
    0xff, 0xf1, 0x0, 0x0, 0xc, 0xff, 0xc0, 0x0,
    0x0, 0x4f, 0xff, 0x80, 0x0, 0x0, 0xbf, 0xff,
    0x40, 0x0, 0x1, 0xff, 0xff, 0x10, 0x0, 0x6,
    0xff, 0xff, 0x0, 0x0, 0xa, 0xff, 0xfd, 0x0,
    0x0, 0xd, 0xff, 0xfc, 0x0, 0x0, 0xf, 0xff,
    0xfb, 0x0, 0x0, 0xf, 0xff, 0xfb, 0x0, 0x0,
    0x1f, 0xff, 0xfa, 0x0, 0x0, 0x1f, 0xff, 0xfa,
    0x0, 0x0, 0xf, 0xff, 0xfb, 0x0, 0x0, 0xf,
    0xff, 0xfc, 0x0, 0x0, 0xc, 0xff, 0xfc, 0x0,
    0x0, 0x9, 0xff, 0xfe, 0x0, 0x0, 0x5, 0xff,
    0xff, 0x0, 0x0, 0x0, 0xff, 0xff, 0x20, 0x0,
    0x0, 0xaf, 0xff, 0x50, 0x0, 0x0, 0x2f, 0xff,
    0x90, 0x0, 0x0, 0x8, 0xff, 0xd0, 0x0, 0x0,
    0x1, 0xef, 0xf2, 0x0, 0x0, 0x0, 0x4f, 0xf8,
    0x0, 0x0, 0x0, 0x7, 0xfe, 0x0, 0x0, 0x0,
    0x0, 0x7f, 0x70, 0x0, 0x0, 0x0, 0x4, 0xd2,
    0x0, 0x0, 0x0, 0x0, 0x14,

    /* U+0029 ")" */
    0x0, 0x0, 0x0, 0x0, 0x0, 0x7, 0x30, 0x0,
    0x0, 0x0, 0x1, 0xf7, 0x0, 0x0, 0x0, 0x0,
    0x8f, 0x90, 0x0, 0x0, 0x0, 0xf, 0xf8, 0x0,
    0x0, 0x0, 0x9, 0xff, 0x40, 0x0, 0x0, 0x4,
    0xff, 0xe1, 0x0, 0x0, 0x0, 0xff, 0xf9, 0x0,
    0x0, 0x0, 0xbf, 0xff, 0x10, 0x0, 0x0, 0x7f,
    0xff, 0x80, 0x0, 0x0, 0x4f, 0xff, 0xe0, 0x0,
    0x0, 0x2f, 0xff, 0xf3, 0x0, 0x0, 0xf, 0xff,
    0xf7, 0x0, 0x0, 0xf, 0xff, 0xfa, 0x0, 0x0,
    0xf, 0xff, 0xfc, 0x0, 0x0, 0xe, 0xff, 0xfd,
    0x0, 0x0, 0xd, 0xff, 0xfe, 0x0, 0x0, 0xe,
    0xff, 0xfe, 0x0, 0x0, 0xe, 0xff, 0xfd, 0x0,
    0x0, 0xf, 0xff, 0xfb, 0x0, 0x0, 0xf, 0xff,
    0xf8, 0x0, 0x0, 0x1f, 0xff, 0xf5, 0x0, 0x0,
    0x3f, 0xff, 0xf1, 0x0, 0x0, 0x5f, 0xff, 0xc0,
    0x0, 0x0, 0x8f, 0xff, 0x60, 0x0, 0x0, 0xcf,
    0xfe, 0x0, 0x0, 0x1, 0xff, 0xf6, 0x0, 0x0,
    0x5, 0xff, 0xc0, 0x0, 0x0, 0xb, 0xfe, 0x10,
    0x0, 0x0, 0x2f, 0xf3, 0x0, 0x0, 0x0, 0xbf,
    0x40, 0x0, 0x0, 0x4, 0xd2, 0x0, 0x0, 0x0,
    0x5, 0x0, 0x0, 0x0, 0x0,

    /* U+002A "*" */
    0x0, 0x0, 0x0, 0x0, 0x0, 0x0, 0x0, 0x0,
    0x0, 0x0, 0x0, 0x0, 0x0, 0x0, 0x0, 0x0,
    0x15, 0x0, 0x0, 0x0, 0x0, 0x0, 0x0, 0x0,
    0x0, 0x0, 0x0, 0x6b, 0x0, 0x0, 0x0, 0x0,
    0x0, 0x0, 0x0, 0x0, 0x0, 0x0, 0xcf, 0x10,
    0x0, 0x0, 0x0, 0x0, 0x0, 0x0, 0x0, 0x0,
    0x1, 0xff, 0x60, 0x0, 0x0, 0x0, 0x0, 0x0,
    0x0, 0x0, 0x0, 0x6, 0xff, 0xb0, 0x0, 0x0,
    0x0, 0x0, 0x0, 0x0, 0x0, 0x0, 0xc, 0xff,
    0xf1, 0x0, 0x0, 0x0, 0x0, 0x0, 0x0, 0x0,
    0x0, 0x1f, 0xff, 0xf6, 0x0, 0x0, 0x0, 0x0,
    0x7, 0xff, 0xff, 0xff, 0xff, 0xff, 0xff, 0xff,
    0xff, 0xff, 0xb1, 0x0, 0x2c, 0xff, 0xff, 0xff,
    0xff, 0xff, 0xff, 0xff, 0xf6, 0x0, 0x0, 0x0,
    0x8f, 0xff, 0xff, 0xff, 0xff, 0xff, 0xfb, 0x10,
    0x0, 0x0, 0x0, 0x3, 0xdf, 0xff, 0xff, 0xff,
    0xff, 0x60, 0x0, 0x0, 0x0, 0x0, 0x0, 0xe,
    0xff, 0xff, 0xff, 0xf4, 0x0, 0x0, 0x0, 0x0,
    0x0, 0x0, 0x2f, 0xff, 0xff, 0xff, 0xf7, 0x0,
    0x0, 0x0, 0x0, 0x0, 0x0, 0x8f, 0xff, 0xff,
    0xff, 0xfd, 0x0, 0x0, 0x0, 0x0, 0x0, 0x0,
    0xdf, 0xff, 0x85, 0xef, 0xff, 0x30, 0x0, 0x0,
    0x0, 0x0, 0x3, 0xff, 0xd3, 0x0, 0x1a, 0xff,
    0x80, 0x0, 0x0, 0x0, 0x0, 0x9, 0xf8, 0x0,
    0x0, 0x0, 0x5e, 0xe0, 0x0, 0x0, 0x0, 0x0,
    0xc, 0x30, 0x0, 0x0, 0x0, 0x1, 0xa4, 0x0,
    0x0, 0x0, 0x0, 0x0, 0x0, 0x0, 0x0, 0x0,
    0x0, 0x1, 0x0, 0x0,

    /* U+002B "+" */
    0x0, 0x0, 0x0, 0x2b, 0xbb, 0x30, 0x0, 0x0,
    0x0, 0x0, 0x0, 0x3, 0xff, 0xf4, 0x0, 0x0,
    0x0, 0x0, 0x0, 0x0, 0x3f, 0xff, 0x40, 0x0,
    0x0, 0x0, 0x0, 0x0, 0x3, 0xff, 0xf4, 0x0,
    0x0, 0x0, 0x0, 0x0, 0x0, 0x3f, 0xff, 0x40,
    0x0, 0x0, 0x0, 0x0, 0x0, 0x3, 0xff, 0xf4,
    0x0, 0x0, 0x0, 0x25, 0x55, 0x55, 0x7f, 0xff,
    0x85, 0x55, 0x55, 0x27, 0xff, 0xff, 0xff, 0xff,
    0xff, 0xff, 0xff, 0xf8, 0x7f, 0xff, 0xff, 0xff,
    0xff, 0xff, 0xff, 0xff, 0x87, 0xff, 0xff, 0xff,
    0xff, 0xff, 0xff, 0xff, 0xf8, 0x0, 0x0, 0x0,
    0x3f, 0xff, 0x40, 0x0, 0x0, 0x0, 0x0, 0x0,
    0x3, 0xff, 0xf4, 0x0, 0x0, 0x0, 0x0, 0x0,
    0x0, 0x3f, 0xff, 0x40, 0x0, 0x0, 0x0, 0x0,
    0x0, 0x3, 0xff, 0xf4, 0x0, 0x0, 0x0, 0x0,
    0x0, 0x0, 0x3f, 0xff, 0x40, 0x0, 0x0, 0x0,
    0x0, 0x0, 0x3, 0xff, 0xf4, 0x0, 0x0, 0x0,

    /* U+002C "," */
    0x0, 0x0, 0x0, 0x0, 0x0, 0x1d, 0x50, 0x0,
    0x2, 0xef, 0xf6, 0x0, 0x2e, 0xff, 0xff, 0x60,
    0x5f, 0xff, 0xff, 0xd0, 0x9, 0xff, 0xff, 0x40,
    0x1, 0xff, 0xfb, 0x0, 0x0, 0xbf, 0xf3, 0x0,
    0x0, 0x8f, 0xa0, 0x0, 0x0, 0x6f, 0x10, 0x0,
    0x0, 0x78, 0x0, 0x0, 0x0, 0x70, 0x0, 0x0,
    0x0, 0x10, 0x0, 0x0,

    /* U+002D "-" */
    0x0, 0x8a, 0xaa, 0xaa, 0xaa, 0xaa, 0xaa, 0xa4,
    0x4, 0xff, 0xff, 0xff, 0xff, 0xff, 0xff, 0xe0,
    0xe, 0xff, 0xff, 0xff, 0xff, 0xff, 0xff, 0x40,
    0x8f, 0xff, 0xff, 0xff, 0xff, 0xff, 0xfa, 0x0,

    /* U+002E "." */
    0x0, 0x0, 0x0, 0x0, 0x0, 0xb, 0x20, 0x0,
    0x0, 0x9f, 0xe1, 0x0, 0x1a, 0xff, 0xfe, 0x30,
    0x5f, 0xff, 0xff, 0xa0, 0x5, 0xff, 0xfa, 0x0,
    0x0, 0x4f, 0x90, 0x0, 0x0, 0x2, 0x0, 0x0,

    /* U+002F "/" */
    0x0, 0x0, 0x0, 0x0, 0x1, 0xff, 0xf1, 0x0,
    0x0, 0x0, 0x0, 0x6, 0xff, 0xb0, 0x0, 0x0,
    0x0, 0x0, 0xc, 0xff, 0x50, 0x0, 0x0, 0x0,
    0x0, 0x1f, 0xff, 0x0, 0x0, 0x0, 0x0, 0x0,
    0x7f, 0xfa, 0x0, 0x0, 0x0, 0x0, 0x0, 0xcf,
    0xf4, 0x0, 0x0, 0x0, 0x0, 0x2, 0xff, 0xe0,
    0x0, 0x0, 0x0, 0x0, 0x8, 0xff, 0x90, 0x0,
    0x0, 0x0, 0x0, 0xd, 0xff, 0x40, 0x0, 0x0,
    0x0, 0x0, 0x3f, 0xfe, 0x0, 0x0, 0x0, 0x0,
    0x0, 0x8f, 0xf8, 0x0, 0x0, 0x0, 0x0, 0x0,
    0xef, 0xf3, 0x0, 0x0, 0x0, 0x0, 0x4, 0xff,
    0xd0, 0x0, 0x0, 0x0, 0x0, 0x9, 0xff, 0x80,
    0x0, 0x0, 0x0, 0x0, 0xe, 0xff, 0x20, 0x0,
    0x0, 0x0, 0x0, 0x4f, 0xfc, 0x0, 0x0, 0x0,
    0x0, 0x0, 0xaf, 0xf7, 0x0, 0x0, 0x0, 0x0,
    0x0, 0xff, 0xf1, 0x0, 0x0, 0x0, 0x0, 0x5,
    0xff, 0xc0, 0x0, 0x0, 0x0, 0x0, 0xb, 0xff,
    0x60, 0x0, 0x0, 0x0, 0x0, 0x1f, 0xff, 0x10,
    0x0, 0x0, 0x0, 0x0, 0x6f, 0xfb, 0x0, 0x0,
    0x0, 0x0, 0x0, 0xcf, 0xf5, 0x0, 0x0, 0x0,
    0x0, 0x1, 0xff, 0xf0, 0x0, 0x0, 0x0, 0x0,
    0x7, 0xff, 0xa0, 0x0, 0x0, 0x0, 0x0, 0xc,
    0xff, 0x40, 0x0, 0x0, 0x0, 0x0, 0x7, 0x87,
    0x0, 0x0, 0x0, 0x0, 0x0,

    /* U+0030 "0" */
    0x0, 0x0, 0x1, 0x6b, 0xef, 0xec, 0x71, 0x0,
    0x0, 0x0, 0x0, 0x5, 0xef, 0xfd, 0xbd, 0xff,
    0xf6, 0x0, 0x0, 0x0, 0x6, 0xff, 0xf7, 0x0,
    0x6, 0xff, 0xf8, 0x0, 0x0, 0x4, 0xff, 0xfb,
    0x0, 0x0, 0xa, 0xff, 0xf5, 0x0, 0x0, 0xdf,
    0xff, 0x60, 0x0, 0x0, 0x4f, 0xff, 0xe1, 0x0,
    0x6f, 0xff, 0xf2, 0x0, 0x0, 0x1, 0xff, 0xff,
    0x70, 0xc, 0xff, 0xff, 0x0, 0x0, 0x0, 0xf,
    0xff, 0xfd, 0x0, 0xff, 0xff, 0xe0, 0x0, 0x0,
    0x0, 0xdf, 0xff, 0xf1, 0x3f, 0xff, 0xfd, 0x0,
    0x0, 0x0, 0xc, 0xff, 0xff, 0x45, 0xff, 0xff,
    0xd0, 0x0, 0x0, 0x0, 0xbf, 0xff, 0xf7, 0x6f,
    0xff, 0xfd, 0x0, 0x0, 0x0, 0xb, 0xff, 0xff,
    0x87, 0xff, 0xff, 0xd0, 0x0, 0x0, 0x0, 0xbf,
    0xff, 0xf8, 0x6f, 0xff, 0xfd, 0x0, 0x0, 0x0,
    0xb, 0xff, 0xff, 0x85, 0xff, 0xff, 0xd0, 0x0,
    0x0, 0x0, 0xbf, 0xff, 0xf7, 0x3f, 0xff, 0xfd,
    0x0, 0x0, 0x0, 0xc, 0xff, 0xff, 0x40, 0xff,
    0xff, 0xe0, 0x0, 0x0, 0x0, 0xdf, 0xff, 0xf1,
    0xc, 0xff, 0xff, 0x0, 0x0, 0x0, 0xf, 0xff,
    0xfd, 0x0, 0x6f, 0xff, 0xf2, 0x0, 0x0, 0x1,
    0xff, 0xff, 0x70, 0x0, 0xef, 0xff, 0x50, 0x0,
    0x0, 0x4f, 0xff, 0xe1, 0x0, 0x4, 0xff, 0xfb,
    0x0, 0x0, 0xa, 0xff, 0xf5, 0x0, 0x0, 0x6,
    0xff, 0xf6, 0x0, 0x5, 0xff, 0xf7, 0x0, 0x0,
    0x0, 0x5, 0xef, 0xfd, 0xad, 0xff, 0xf6, 0x0,
    0x0, 0x0, 0x0, 0x1, 0x6c, 0xef, 0xec, 0x71,
    0x0, 0x0, 0x0,

    /* U+0031 "1" */
    0x0, 0x0, 0x0, 0x2, 0xd0, 0x0, 0x0, 0x0,
    0x0, 0x6, 0xff, 0x0, 0x0, 0x0, 0x0, 0x4d,
    0xff, 0xf0, 0x0, 0x0, 0x16, 0xdf, 0xff, 0xff,
    0x0, 0x0, 0x29, 0x99, 0xef, 0xff, 0xf0, 0x0,
    0x0, 0x0, 0xb, 0xff, 0xff, 0x0, 0x0, 0x0,
    0x0, 0xbf, 0xff, 0xf0, 0x0, 0x0, 0x0, 0xb,
    0xff, 0xff, 0x0, 0x0, 0x0, 0x0, 0xbf, 0xff,
    0xf0, 0x0, 0x0, 0x0, 0xb, 0xff, 0xff, 0x0,
    0x0, 0x0, 0x0, 0xbf, 0xff, 0xf0, 0x0, 0x0,
    0x0, 0xb, 0xff, 0xff, 0x0, 0x0, 0x0, 0x0,
    0xbf, 0xff, 0xf0, 0x0, 0x0, 0x0, 0xb, 0xff,
    0xff, 0x0, 0x0, 0x0, 0x0, 0xbf, 0xff, 0xf0,
    0x0, 0x0, 0x0, 0xb, 0xff, 0xff, 0x0, 0x0,
    0x0, 0x0, 0xbf, 0xff, 0xf0, 0x0, 0x0, 0x0,
    0xb, 0xff, 0xff, 0x0, 0x0, 0x0, 0x0, 0xbf,
    0xff, 0xf1, 0x0, 0x0, 0x0, 0xb, 0xff, 0xff,
    0x30, 0x0, 0x0, 0x0, 0xbf, 0xff, 0xf8, 0x0,
    0x0, 0x0, 0x4d, 0xff, 0xff, 0xf5, 0x0, 0x19,
    0xef, 0xff, 0xff, 0xff, 0xfb, 0x30,

    /* U+0032 "2" */
    0x0, 0x0, 0x5a, 0xdf, 0xfd, 0xb6, 0x10, 0x0,
    0x0, 0x5d, 0xff, 0xfe, 0xff, 0xff, 0xf8, 0x0,
    0x7, 0xff, 0xfd, 0x20, 0x5, 0xff, 0xff, 0xb0,
    0x3, 0xff, 0xf4, 0x0, 0x0, 0x6f, 0xff, 0xf6,
    0x0, 0x5f, 0xe0, 0x0, 0x0, 0x1f, 0xff, 0xfc,
    0x0, 0x8, 0xc0, 0x0, 0x0, 0xf, 0xff, 0xfe,
    0x0, 0x0, 0x80, 0x0, 0x0, 0x1f, 0xff, 0xfe,
    0x0, 0x0, 0x0, 0x0, 0x0, 0x4f, 0xff, 0xfb,
    0x0, 0x0, 0x0, 0x0, 0x0, 0x9f, 0xff, 0xf4,
    0x0, 0x0, 0x0, 0x0, 0x0, 0xff, 0xff, 0xc0,
    0x0, 0x0, 0x0, 0x0, 0x7, 0xff, 0xff, 0x30,
    0x0, 0x0, 0x0, 0x0, 0x1e, 0xff, 0xf5, 0x0,
    0x0, 0x0, 0x0, 0x0, 0x9f, 0xff, 0x60, 0x0,
    0x0, 0x0, 0x0, 0x3, 0xff, 0xf7, 0x0, 0x0,
    0x0, 0x0, 0x0, 0xd, 0xff, 0x70, 0x0, 0x0,
    0x0, 0x0, 0x0, 0xaf, 0xf7, 0x0, 0x0, 0x0,
    0x0, 0x0, 0x6, 0xff, 0x70, 0x0, 0x0, 0x6,
    0x0, 0x0, 0x3f, 0xf8, 0x0, 0x0, 0x0, 0xd,
    0x0, 0x1, 0xef, 0x90, 0x0, 0x0, 0x0, 0x6f,
    0x0, 0xc, 0xfe, 0x88, 0x88, 0x88, 0x88, 0xef,
    0x0, 0x9f, 0xff, 0xff, 0xff, 0xff, 0xff, 0xff,
    0x7, 0xff, 0xff, 0xff, 0xff, 0xff, 0xff, 0xff,
    0x5f, 0xff, 0xff, 0xff, 0xff, 0xff, 0xff, 0xff,

    /* U+0033 "3" */
    0x0, 0x2, 0x8c, 0xef, 0xec, 0x82, 0x0, 0x0,
    0x0, 0x8f, 0xff, 0xef, 0xff, 0xff, 0x90, 0x0,
    0xa, 0xff, 0xd2, 0x0, 0x7f, 0xff, 0xfa, 0x0,
    0x3, 0xef, 0x40, 0x0, 0xc, 0xff, 0xff, 0x20,
    0x0, 0x3e, 0x0, 0x0, 0x8, 0xff, 0xff, 0x60,
    0x0, 0x1, 0x0, 0x0, 0x7, 0xff, 0xff, 0x70,
    0x0, 0x0, 0x0, 0x0, 0xa, 0xff, 0xff, 0x40,
    0x0, 0x0, 0x0, 0x0, 0xe, 0xff, 0xfd, 0x0,
    0x0, 0x0, 0x0, 0x0, 0x9f, 0xff, 0xe2, 0x0,
    0x0, 0x0, 0x0, 0x3b, 0xff, 0xfa, 0x10, 0x0,
    0x0, 0x0, 0x4f, 0xff, 0xff, 0x91, 0x0, 0x0,
    0x0, 0x0, 0x3, 0xdf, 0xff, 0xff, 0xa0, 0x0,
    0x0, 0x0, 0x0, 0x0, 0x8f, 0xff, 0xfd, 0x10,
    0x0, 0x0, 0x0, 0x0, 0xa, 0xff, 0xff, 0xb0,
    0x0, 0x0, 0x0, 0x0, 0x2, 0xff, 0xff, 0xf1,
    0x0, 0x0, 0x0, 0x0, 0x0, 0xff, 0xff, 0xf4,
    0x0, 0x0, 0x0, 0x0, 0x0, 0xdf, 0xff, 0xf4,
    0x0, 0x7, 0x0, 0x0, 0x0, 0xef, 0xff, 0xf2,
    0x0, 0x9e, 0x0, 0x0, 0x0, 0xff, 0xff, 0xe0,
    0x6, 0xff, 0x40, 0x0, 0x5, 0xff, 0xff, 0x70,
    0x1f, 0xff, 0xe3, 0x0, 0x3e, 0xff, 0xfb, 0x0,
    0x3, 0xdf, 0xff, 0xee, 0xff, 0xff, 0x90, 0x0,
    0x0, 0x5, 0xad, 0xff, 0xec, 0x82, 0x0, 0x0,

    /* U+0034 "4" */
    0x0, 0x0, 0x0, 0x0, 0x0, 0x0, 0x0, 0x60,
    0x0, 0x0, 0x0, 0x0, 0x0, 0x0, 0x0, 0x5,
    0xe0, 0x0, 0x0, 0x0, 0x0, 0x0, 0x0, 0x0,
    0x3f, 0xe0, 0x0, 0x0, 0x0, 0x0, 0x0, 0x0,
    0x1, 0xef, 0xe0, 0x0, 0x0, 0x0, 0x0, 0x0,
    0x0, 0xc, 0xff, 0xe0, 0x0, 0x0, 0x0, 0x0,
    0x0, 0x0, 0xaf, 0xff, 0xe0, 0x0, 0x0, 0x0,
    0x0, 0x0, 0x7, 0xff, 0xff, 0xe0, 0x0, 0x0,
    0x0, 0x0, 0x0, 0x4f, 0xff, 0xff, 0xe0, 0x0,
    0x0, 0x0, 0x0, 0x2, 0xff, 0xff, 0xff, 0xe0,
    0x0, 0x0, 0x0, 0x0, 0xd, 0xf9, 0xef, 0xff,
    0xe0, 0x0, 0x0, 0x0, 0x0, 0xbf, 0xc0, 0xef,
    0xff, 0xe0, 0x0, 0x0, 0x0, 0x8, 0xfe, 0x10,
    0xef, 0xff, 0xe0, 0x0, 0x0, 0x0, 0x5f, 0xf4,
    0x0, 0xef, 0xff, 0xe0, 0x0, 0x0, 0x3, 0xff,
    0x70, 0x0, 0xef, 0xff, 0xe0, 0x0, 0x0, 0x1e,
    0xfa, 0x0, 0x0, 0xef, 0xff, 0xe0, 0x0, 0x0,
    0xcf, 0xd0, 0x0, 0x0, 0xef, 0xff, 0xe0, 0x0,
    0x9, 0xff, 0x20, 0x0, 0x0, 0xef, 0xff, 0xe0,
    0x0, 0x6f, 0xfb, 0x66, 0x66, 0x66, 0xef, 0xff,
    0xe6, 0x65, 0x1c, 0xff, 0xff, 0xff, 0xff, 0xff,
    0xff, 0xff, 0xe2, 0x0, 0xbf, 0xff, 0xff, 0xff,
    0xff, 0xff, 0xfd, 0x10, 0x0, 0x0, 0x0, 0x0,
    0x0, 0xef, 0xff, 0xe0, 0x0, 0x0, 0x0, 0x0,
    0x0, 0x0, 0xef, 0xff, 0xe0, 0x0, 0x0, 0x0,
    0x0, 0x0, 0x0, 0xef, 0xff, 0xe0, 0x0, 0x0,
    0x0, 0x0, 0x0, 0x0, 0xef, 0xff, 0xe0, 0x0,
    0x0, 0x0, 0x0, 0x0, 0x0, 0xef, 0xff, 0xe0,
    0x0, 0x0, 0x0, 0x0, 0x0, 0x0, 0x96, 0x32,
    0x0, 0x0,

    /* U+0035 "5" */
    0x0, 0x0, 0x0, 0x0, 0x0, 0x0, 0x3, 0x0,
    0x0, 0x0, 0x0, 0x0, 0x0, 0x0, 0x1d, 0x0,
    0x0, 0x4f, 0xff, 0xff, 0xff, 0xff, 0xff, 0x0,
    0x0, 0x6f, 0xff, 0xff, 0xff, 0xff, 0xff, 0x0,
    0x0, 0x8f, 0xff, 0xff, 0xff, 0xff, 0xff, 0x0,
    0x0, 0xaf, 0xc8, 0x88, 0x88, 0x88, 0x87, 0x0,
    0x0, 0xcf, 0x70, 0x0, 0x0, 0x0, 0x0, 0x0,
    0x0, 0xdf, 0x50, 0x0, 0x0, 0x0, 0x0, 0x0,
    0x0, 0xff, 0x30, 0x0, 0x0, 0x0, 0x0, 0x0,
    0x1, 0xff, 0x64, 0x20, 0x0, 0x0, 0x0, 0x0,
    0x3, 0xff, 0xff, 0xff, 0xc7, 0x10, 0x0, 0x0,
    0x5, 0xff, 0xff, 0xff, 0xff, 0xf8, 0x0, 0x0,
    0x7, 0xff, 0xff, 0xff, 0xff, 0xff, 0xc1, 0x0,
    0x4, 0x89, 0xbd, 0xff, 0xff, 0xff, 0xfc, 0x0,
    0x0, 0x0, 0x0, 0x16, 0xdf, 0xff, 0xff, 0x70,
    0x0, 0x0, 0x0, 0x0, 0x7, 0xff, 0xff, 0xe0,
    0x0, 0x0, 0x0, 0x0, 0x0, 0x5f, 0xff, 0xf2,
    0x0, 0x0, 0x0, 0x0, 0x0, 0xb, 0xff, 0xf4,
    0x0, 0x0, 0x0, 0x0, 0x0, 0x5, 0xff, 0xf3,
    0x0, 0x25, 0x0, 0x0, 0x0, 0x4, 0xff, 0xf1,
    0x0, 0xc9, 0x0, 0x0, 0x0, 0x7, 0xff, 0xc0,
    0x8, 0xff, 0x30, 0x0, 0x0, 0x1e, 0xff, 0x40,
    0x1f, 0xff, 0xf7, 0x10, 0x15, 0xdf, 0xf8, 0x0,
    0x3, 0xdf, 0xff, 0xff, 0xff, 0xff, 0x60, 0x0,
    0x0, 0x5, 0xad, 0xff, 0xeb, 0x71, 0x0, 0x0,

    /* U+0036 "6" */
    0x0, 0x0, 0x0, 0x0, 0x0, 0x38, 0xbe, 0xf5,
    0x0, 0x0, 0x0, 0x0, 0x0, 0x6e, 0xff, 0xb8,
    0x62, 0x0, 0x0, 0x0, 0x0, 0x4e, 0xff, 0x81,
    0x0, 0x0, 0x0, 0x0, 0x0, 0x8, 0xff, 0xe3,
    0x0, 0x0, 0x0, 0x0, 0x0, 0x0, 0xaf, 0xff,
    0x30, 0x0, 0x0, 0x0, 0x0, 0x0, 0x8, 0xff,
    0xf7, 0x0, 0x0, 0x0, 0x0, 0x0, 0x0, 0x4f,
    0xff, 0xe0, 0x0, 0x0, 0x0, 0x0, 0x0, 0x0,
    0xdf, 0xff, 0x80, 0x0, 0x0, 0x0, 0x0, 0x0,
    0x6, 0xff, 0xff, 0x46, 0xcf, 0xfe, 0xa3, 0x0,
    0x0, 0xc, 0xff, 0xff, 0x9a, 0xbf, 0xff, 0xff,
    0x90, 0x0, 0x1f, 0xff, 0xfe, 0x0, 0x0, 0x9f,
    0xff, 0xf8, 0x0, 0x4f, 0xff, 0xfd, 0x0, 0x0,
    0xc, 0xff, 0xff, 0x30, 0x6f, 0xff, 0xfd, 0x0,
    0x0, 0x5, 0xff, 0xff, 0xa0, 0x7f, 0xff, 0xfd,
    0x0, 0x0, 0x0, 0xff, 0xff, 0xe0, 0x6f, 0xff,
    0xfd, 0x0, 0x0, 0x0, 0xef, 0xff, 0xf1, 0x5f,
    0xff, 0xff, 0x0, 0x0, 0x0, 0xdf, 0xff, 0xf1,
    0x2f, 0xff, 0xff, 0x0, 0x0, 0x0, 0xcf, 0xff,
    0xf0, 0xe, 0xff, 0xff, 0x30, 0x0, 0x0, 0xdf,
    0xff, 0xc0, 0x7, 0xff, 0xff, 0x70, 0x0, 0x0,
    0xff, 0xff, 0x60, 0x0, 0xef, 0xff, 0xd0, 0x0,
    0x6, 0xff, 0xfd, 0x0, 0x0, 0x3e, 0xff, 0xf8,
    0x0, 0x2e, 0xff, 0xe2, 0x0, 0x0, 0x2, 0xcf,
    0xff, 0xdb, 0xff, 0xfc, 0x20, 0x0, 0x0, 0x0,
    0x4, 0xad, 0xff, 0xeb, 0x50, 0x0, 0x0,

    /* U+0037 "7" */
    0x2f, 0xff, 0xff, 0xff, 0xff, 0xff, 0xff, 0xff,
    0x52, 0xff, 0xff, 0xff, 0xff, 0xff, 0xff, 0xff,
    0xf0, 0x2f, 0xff, 0xff, 0xff, 0xff, 0xff, 0xff,
    0xfa, 0x2, 0xff, 0xfb, 0x88, 0x88, 0x88, 0x8a,
    0xff, 0x40, 0x2f, 0xd2, 0x0, 0x0, 0x0, 0x0,
    0xaf, 0xf0, 0x2, 0xe1, 0x0, 0x0, 0x0, 0x0,
    0x2f, 0xf9, 0x0, 0x27, 0x0, 0x0, 0x0, 0x0,
    0x9, 0xff, 0x40, 0x1, 0x10, 0x0, 0x0, 0x0,
    0x1, 0xff, 0xe0, 0x0, 0x0, 0x0, 0x0, 0x0,
    0x0, 0x9f, 0xf9, 0x0, 0x0, 0x0, 0x0, 0x0,
    0x0, 0x1f, 0xff, 0x40, 0x0, 0x0, 0x0, 0x0,
    0x0, 0x8, 0xff, 0xe0, 0x0, 0x0, 0x0, 0x0,
    0x0, 0x1, 0xff, 0xf9, 0x0, 0x0, 0x0, 0x0,
    0x0, 0x0, 0x7f, 0xff, 0x30, 0x0, 0x0, 0x0,
    0x0, 0x0, 0xe, 0xff, 0xe0, 0x0, 0x0, 0x0,
    0x0, 0x0, 0x7, 0xff, 0xf8, 0x0, 0x0, 0x0,
    0x0, 0x0, 0x0, 0xef, 0xff, 0x30, 0x0, 0x0,
    0x0, 0x0, 0x0, 0x6f, 0xff, 0xe0, 0x0, 0x0,
    0x0, 0x0, 0x0, 0xe, 0xff, 0xf8, 0x0, 0x0,
    0x0, 0x0, 0x0, 0x6, 0xff, 0xff, 0x30, 0x0,
    0x0, 0x0, 0x0, 0x0, 0xdf, 0xff, 0xd0, 0x0,
    0x0, 0x0, 0x0, 0x0, 0x5f, 0xff, 0xf8, 0x0,
    0x0, 0x0, 0x0, 0x0, 0xd, 0xff, 0xff, 0x20,
    0x0, 0x0, 0x0, 0x0, 0x5, 0xff, 0xff, 0xd0,
    0x0, 0x0, 0x0, 0x0, 0x0, 0x87, 0x31, 0x0,
    0x0, 0x0, 0x0, 0x0,

    /* U+0038 "8" */
    0x0, 0x0, 0x6, 0xbe, 0xff, 0xeb, 0x71, 0x0,
    0x0, 0x0, 0x5, 0xef, 0xff, 0xcc, 0xff, 0xff,
    0x80, 0x0, 0x0, 0x7f, 0xff, 0xf4, 0x0, 0x2d,
    0xff, 0xfb, 0x0, 0x2, 0xff, 0xff, 0x90, 0x0,
    0x5, 0xff, 0xff, 0x60, 0x8, 0xff, 0xff, 0x50,
    0x0, 0x1, 0xff, 0xff, 0xc0, 0xb, 0xff, 0xff,
    0x30, 0x0, 0x0, 0xff, 0xff, 0xf0, 0xa, 0xff,
    0xff, 0x40, 0x0, 0x0, 0xff, 0xff, 0xe0, 0x6,
    0xff, 0xff, 0x70, 0x0, 0x3, 0xff, 0xff, 0xa0,
    0x0, 0xef, 0xff, 0xd0, 0x0, 0x9, 0xff, 0xff,
    0x30, 0x0, 0x2d, 0xff, 0xf6, 0x0, 0x3f, 0xff,
    0xe4, 0x0, 0x0, 0x0, 0x6e, 0xff, 0x86, 0xef,
    0xf8, 0x10, 0x0, 0x0, 0x5, 0xcf, 0xff, 0xa8,
    0xff, 0xfd, 0x70, 0x0, 0x0, 0xbf, 0xff, 0xf4,
    0x0, 0x1e, 0xff, 0xfd, 0x20, 0x9, 0xff, 0xff,
    0x70, 0x0, 0x3, 0xff, 0xff, 0xd0, 0x1f, 0xff,
    0xff, 0x0, 0x0, 0x0, 0xcf, 0xff, 0xf5, 0x5f,
    0xff, 0xfc, 0x0, 0x0, 0x0, 0x8f, 0xff, 0xf9,
    0x7f, 0xff, 0xfa, 0x0, 0x0, 0x0, 0x6f, 0xff,
    0xfb, 0x6f, 0xff, 0xfb, 0x0, 0x0, 0x0, 0x7f,
    0xff, 0xfa, 0x2f, 0xff, 0xfd, 0x0, 0x0, 0x0,
    0x9f, 0xff, 0xf6, 0xb, 0xff, 0xff, 0x30, 0x0,
    0x0, 0xef, 0xff, 0xe0, 0x1, 0xdf, 0xff, 0xc1,
    0x0, 0x9, 0xff, 0xff, 0x30, 0x0, 0x19, 0xff,
    0xff, 0xbb, 0xef, 0xff, 0xc2, 0x0, 0x0, 0x0,
    0x27, 0xbe, 0xff, 0xec, 0x93, 0x0, 0x0,

    /* U+0039 "9" */
    0x0, 0x0, 0x4, 0xad, 0xff, 0xd9, 0x30, 0x0,
    0x0, 0x0, 0x2, 0xcf, 0xff, 0xbd, 0xff, 0xfb,
    0x10, 0x0, 0x0, 0x2e, 0xff, 0xe1, 0x0, 0x7f,
    0xff, 0xe1, 0x0, 0x1, 0xdf, 0xff, 0x50, 0x0,
    0xc, 0xff, 0xfc, 0x0, 0x8, 0xff, 0xff, 0x0,
    0x0, 0x6, 0xff, 0xff, 0x60, 0xe, 0xff, 0xfd,
    0x0, 0x0, 0x2, 0xff, 0xff, 0xd0, 0x1f, 0xff,
    0xfd, 0x0, 0x0, 0x0, 0xff, 0xff, 0xf1, 0x1f,
    0xff, 0xfe, 0x0, 0x0, 0x0, 0xef, 0xff, 0xf5,
    0xf, 0xff, 0xff, 0x0, 0x0, 0x0, 0xdf, 0xff,
    0xf6, 0xc, 0xff, 0xff, 0x30, 0x0, 0x0, 0xcf,
    0xff, 0xf7, 0x5, 0xff, 0xff, 0xa0, 0x0, 0x0,
    0xdf, 0xff, 0xf6, 0x0, 0xbf, 0xff, 0xf7, 0x0,
    0x0, 0xef, 0xff, 0xf5, 0x0, 0xb, 0xff, 0xff,
    0xeb, 0xa9, 0xff, 0xff, 0xf2, 0x0, 0x0, 0x4a,
    0xef, 0xfc, 0x63, 0xff, 0xff, 0xe0, 0x0, 0x0,
    0x0, 0x0, 0x0, 0x5, 0xff, 0xff, 0xa0, 0x0,
    0x0, 0x0, 0x0, 0x0, 0x9, 0xff, 0xff, 0x30,
    0x0, 0x0, 0x0, 0x0, 0x0, 0xe, 0xff, 0xfb,
    0x0, 0x0, 0x0, 0x0, 0x0, 0x0, 0x7f, 0xff,
    0xf2, 0x0, 0x0, 0x0, 0x0, 0x0, 0x2, 0xef,
    0xff, 0x40, 0x0, 0x0, 0x0, 0x0, 0x0, 0x2d,
    0xff, 0xf4, 0x0, 0x0, 0x0, 0x0, 0x0, 0x6,
    0xff, 0xfc, 0x20, 0x0, 0x0, 0x0, 0x26, 0x7b,
    0xff, 0xfc, 0x40, 0x0, 0x0, 0x0, 0x0, 0x5f,
    0xec, 0xa6, 0x10, 0x0, 0x0, 0x0, 0x0,

    /* U+003A ":" */
    0x0, 0x0, 0x0, 0x0, 0x0, 0x1c, 0x50, 0x0,
    0x1, 0xdf, 0xf5, 0x0, 0x2d, 0xff, 0xff, 0x60,
    0x4e, 0xff, 0xff, 0x80, 0x1, 0xdf, 0xf5, 0x0,
    0x0, 0x1e, 0x60, 0x0, 0x0, 0x2, 0x0, 0x0,
    0x0, 0x0, 0x0, 0x0, 0x0, 0x0, 0x0, 0x0,
    0x0, 0x0, 0x0, 0x0, 0x0, 0xb, 0x20, 0x0,
    0x0, 0x9f, 0xe1, 0x0, 0x1a, 0xff, 0xfe, 0x30,
    0x5f, 0xff, 0xff, 0xa0, 0x5, 0xff, 0xfa, 0x0,
    0x0, 0x4f, 0x90, 0x0, 0x0, 0x2, 0x0, 0x0,

    /* U+003B ";" */
    0x0, 0x0, 0x0, 0x0, 0x0, 0x1c, 0x50, 0x0,
    0x1, 0xdf, 0xf5, 0x0, 0x2d, 0xff, 0xff, 0x60,
    0x4e, 0xff, 0xff, 0x80, 0x1, 0xdf, 0xf5, 0x0,
    0x0, 0x1e, 0x60, 0x0, 0x0, 0x2, 0x0, 0x0,
    0x0, 0x0, 0x0, 0x0, 0x0, 0x0, 0x0, 0x0,
    0x0, 0x0, 0x0, 0x0, 0x0, 0x1d, 0x50, 0x0,
    0x2, 0xef, 0xf6, 0x0, 0x2e, 0xff, 0xff, 0x60,
    0x5f, 0xff, 0xff, 0xd0, 0x9, 0xff, 0xff, 0x40,
    0x1, 0xff, 0xfb, 0x0, 0x0, 0xbf, 0xf3, 0x0,
    0x0, 0x8f, 0xa0, 0x0, 0x0, 0x6f, 0x10, 0x0,
    0x0, 0x78, 0x0, 0x0, 0x0, 0x70, 0x0, 0x0,
    0x0, 0x10, 0x0, 0x0,

    /* U+003C "<" */
    0x0, 0x0, 0x0, 0x0, 0x0, 0x0, 0x1, 0x75,
    0x0, 0x0, 0x0, 0x0, 0x0, 0x0, 0x4a, 0xff,
    0xc0, 0x0, 0x0, 0x0, 0x0, 0x17, 0xdf, 0xff,
    0xff, 0x30, 0x0, 0x0, 0x4, 0xaf, 0xff, 0xff,
    0xff, 0x92, 0x0, 0x1, 0x7e, 0xff, 0xff, 0xff,
    0xc6, 0x0, 0x0, 0x4b, 0xff, 0xff, 0xff, 0xe9,
    0x20, 0x0, 0x0, 0x6f, 0xff, 0xff, 0xfb, 0x50,
    0x0, 0x0, 0x0, 0x7, 0xff, 0xff, 0xd2, 0x0,
    0x0, 0x0, 0x0, 0x0, 0x7f, 0xff, 0xff, 0xf9,
    0x30, 0x0, 0x0, 0x0, 0x0, 0x6c, 0xff, 0xff,
    0xff, 0xd7, 0x10, 0x0, 0x0, 0x0, 0x3, 0x9f,
    0xff, 0xff, 0xff, 0xa4, 0x0, 0x0, 0x0, 0x0,
    0x6, 0xcf, 0xff, 0xff, 0xfe, 0x71, 0x0, 0x0,
    0x0, 0x0, 0x39, 0xff, 0xff, 0xff, 0x40, 0x0,
    0x0, 0x0, 0x0, 0x0, 0x6c, 0xff, 0xd0, 0x0,
    0x0, 0x0, 0x0, 0x0, 0x0, 0x3, 0x96, 0x0,

    /* U+003D "=" */
    0x7f, 0xff, 0xff, 0xff, 0xff, 0xff, 0xff, 0xff,
    0x87, 0xff, 0xff, 0xff, 0xff, 0xff, 0xff, 0xff,
    0xf8, 0x7f, 0xff, 0xff, 0xff, 0xff, 0xff, 0xff,
    0xff, 0x82, 0x55, 0x55, 0x55, 0x55, 0x55, 0x55,
    0x55, 0x52, 0x0, 0x0, 0x0, 0x0, 0x0, 0x0,
    0x0, 0x0, 0x0, 0x0, 0x0, 0x0, 0x0, 0x0,
    0x0, 0x0, 0x0, 0x25, 0x55, 0x55, 0x55, 0x55,
    0x55, 0x55, 0x55, 0x27, 0xff, 0xff, 0xff, 0xff,
    0xff, 0xff, 0xff, 0xf8, 0x7f, 0xff, 0xff, 0xff,
    0xff, 0xff, 0xff, 0xff, 0x87, 0xff, 0xff, 0xff,
    0xff, 0xff, 0xff, 0xff, 0xf8,

    /* U+003E ">" */
    0x4, 0x81, 0x0, 0x0, 0x0, 0x0, 0x0, 0x0,
    0x0, 0xbf, 0xfb, 0x40, 0x0, 0x0, 0x0, 0x0,
    0x0, 0x2f, 0xff, 0xff, 0xe8, 0x10, 0x0, 0x0,
    0x0, 0x1, 0x9f, 0xff, 0xff, 0xff, 0xb5, 0x0,
    0x0, 0x0, 0x0, 0x5, 0xcf, 0xff, 0xff, 0xfe,
    0x82, 0x0, 0x0, 0x0, 0x0, 0x28, 0xef, 0xff,
    0xff, 0xfb, 0x50, 0x0, 0x0, 0x0, 0x0, 0x5b,
    0xff, 0xff, 0xff, 0x80, 0x0, 0x0, 0x0, 0x0,
    0x2, 0xcf, 0xff, 0xf8, 0x0, 0x0, 0x0, 0x0,
    0x39, 0xef, 0xff, 0xff, 0x80, 0x0, 0x0, 0x6,
    0xcf, 0xff, 0xff, 0xfd, 0x71, 0x0, 0x3, 0xaf,
    0xff, 0xff, 0xff, 0xa3, 0x0, 0x1, 0x7d, 0xff,
    0xff, 0xff, 0xd6, 0x10, 0x0, 0x0, 0x3f, 0xff,
    0xff, 0xfa, 0x30, 0x0, 0x0, 0x0, 0x0, 0xcf,
    0xfd, 0x60, 0x0, 0x0, 0x0, 0x0, 0x0, 0x5,
    0x93, 0x0, 0x0, 0x0, 0x0, 0x0, 0x0, 0x0,

    /* U+003F "?" */
    0x0, 0x5, 0xad, 0xff, 0xeb, 0x71, 0x0, 0x0,
    0x5d, 0xff, 0xeb, 0xdf, 0xff, 0xf7, 0x0, 0x9f,
    0xff, 0xa0, 0x0, 0x8f, 0xff, 0xf8, 0x6, 0xff,
    0xf1, 0x0, 0x0, 0xef, 0xff, 0xf3, 0x9, 0xfb,
    0x0, 0x0, 0x9, 0xff, 0xff, 0x90, 0xc, 0xa0,
    0x0, 0x0, 0x7f, 0xff, 0xfc, 0x0, 0x19, 0x0,
    0x0, 0x7, 0xff, 0xff, 0xc0, 0x0, 0x10, 0x0,
    0x0, 0x8f, 0xff, 0xfa, 0x0, 0x0, 0x0, 0x0,
    0xb, 0xff, 0xff, 0x60, 0x0, 0x0, 0x0, 0x1,
    0xff, 0xff, 0xe0, 0x0, 0x0, 0x0, 0x0, 0xaf,
    0xff, 0xf4, 0x0, 0x0, 0x0, 0x0, 0xaf, 0xff,
    0xf5, 0x0, 0x0, 0x0, 0x5, 0xdf, 0xff, 0xd3,
    0x0, 0x0, 0x0, 0x0, 0x9f, 0xfe, 0x60, 0x0,
    0x0, 0x0, 0x0, 0x2, 0xff, 0x20, 0x0, 0x0,
    0x0, 0x0, 0x0, 0xa, 0xa0, 0x0, 0x0, 0x0,
    0x0, 0x0, 0x0, 0x33, 0x0, 0x0, 0x0, 0x0,
    0x0, 0x0, 0x1, 0x10, 0x0, 0x0, 0x0, 0x0,
    0x0, 0x0, 0xab, 0x0, 0x0, 0x0, 0x0, 0x0,
    0x0, 0x9f, 0xfa, 0x0, 0x0, 0x0, 0x0, 0x1,
    0xbf, 0xff, 0xfc, 0x10, 0x0, 0x0, 0x0, 0xa,
    0xff, 0xff, 0xb0, 0x0, 0x0, 0x0, 0x0, 0x9,
    0xff, 0xa0, 0x0, 0x0, 0x0, 0x0, 0x0, 0x9,
    0x90, 0x0, 0x0, 0x0, 0x0, 0x0, 0x0, 0x0,
    0x0, 0x0, 0x0, 0x0,

    /* U+0040 "@" */
    0x0, 0x0, 0x0, 0x0, 0x6a, 0xdf, 0xfe, 0xc8,
    0x30, 0x0, 0x0, 0x0, 0x0, 0x0, 0x0, 0x8,
    0xff, 0xff, 0xed, 0xff, 0xff, 0xc4, 0x0, 0x0,
    0x0, 0x0, 0x0, 0x3d, 0xff, 0x94, 0x0, 0x0,
    0x16, 0xdf, 0xf9, 0x0, 0x0, 0x0, 0x0, 0x4f,
    0xfb, 0x20, 0x0, 0x0, 0x0, 0x0, 0x5f, 0xfb,
    0x0, 0x0, 0x0, 0x2f, 0xf9, 0x0, 0x0, 0x0,
    0x0, 0x0, 0x0, 0x2d, 0xfa, 0x0, 0x0, 0xd,
    0xfa, 0x0, 0x0, 0x6, 0xbe, 0xfe, 0xda, 0x51,
    0x2f, 0xf6, 0x0, 0x6, 0xfe, 0x0, 0x0, 0x4e,
    0xff, 0xd8, 0xdf, 0xff, 0x90, 0x6f, 0xe0, 0x0,
    0xef, 0x60, 0x0, 0x6f, 0xff, 0x90, 0xd, 0xff,
    0xf6, 0x0, 0xdf, 0x70, 0x4f, 0xf0, 0x0, 0x3f,
    0xff, 0xc0, 0x0, 0xff, 0xff, 0x40, 0x6, 0xfc,
    0x8, 0xfa, 0x0, 0xd, 0xff, 0xf4, 0x0, 0x3f,
    0xff, 0xf1, 0x0, 0x1f, 0xf0, 0xbf, 0x70, 0x4,
    0xff, 0xff, 0x0, 0x6, 0xff, 0xfe, 0x0, 0x0,
    0xff, 0x3c, 0xf6, 0x0, 0x9f, 0xff, 0xa0, 0x0,
    0x8f, 0xff, 0xb0, 0x0, 0xd, 0xf4, 0xcf, 0x50,
    0xc, 0xff, 0xf8, 0x0, 0xb, 0xff, 0xf9, 0x0,
    0x0, 0xdf, 0x4b, 0xf7, 0x0, 0xdf, 0xff, 0x60,
    0x0, 0x6f, 0xff, 0x70, 0x0, 0xe, 0xf2, 0x8f,
    0xa0, 0xb, 0xff, 0xf7, 0x0, 0x0, 0x5f, 0xf8,
    0x0, 0x1, 0xff, 0x4, 0xfe, 0x0, 0x5f, 0xff,
    0xc0, 0x0, 0x10, 0x5f, 0xc0, 0x0, 0x7f, 0xb0,
    0xe, 0xf5, 0x0, 0x9f, 0xff, 0xdb, 0xea, 0x0,
    0x5f, 0x92, 0x5f, 0xf6, 0x0, 0x6f, 0xe1, 0x0,
    0x5b, 0xef, 0xd7, 0x0, 0x0, 0x5f, 0xff, 0xfd,
    0x0, 0x0, 0xdf, 0xa0, 0x0, 0x0, 0x0, 0x0,
    0x0, 0x0, 0x4f, 0xff, 0x40, 0x0, 0x2, 0xff,
    0x90, 0x0, 0x0, 0x0, 0x17, 0x0, 0x0, 0x4f,
    0x80, 0x0, 0x0, 0x4, 0xff, 0xc1, 0x0, 0x0,
    0x0, 0xe7, 0x0, 0x0, 0x30, 0x0, 0x0, 0x0,
    0x3, 0xdf, 0xf9, 0x30, 0x0, 0x4f, 0xf7, 0x0,
    0x0, 0x0, 0x0, 0x0, 0x0, 0x0, 0x8f, 0xff,
    0xfd, 0xdf, 0xff, 0xf5, 0x0, 0x0, 0x0, 0x0,
    0x0, 0x0, 0x0, 0x16, 0xad, 0xff, 0xec, 0x83,
    0x0, 0x0, 0x0, 0x0,

    /* U+0041 "A" */
    0x0, 0x0, 0x0, 0x0, 0x0, 0x0, 0x0, 0x0,
    0x0, 0x0, 0x0, 0x0, 0x0, 0x0, 0x0, 0x0,
    0x0, 0x5, 0x50, 0x0, 0x0, 0x0, 0x0, 0x0,
    0x0, 0x0, 0x0, 0x0, 0x0, 0xc, 0xc0, 0x0,
    0x0, 0x0, 0x0, 0x0, 0x0, 0x0, 0x0, 0x0,
    0x0, 0x3f, 0xf3, 0x0, 0x0, 0x0, 0x0, 0x0,
    0x0, 0x0, 0x0, 0x0, 0x0, 0xaf, 0xf9, 0x0,
    0x0, 0x0, 0x0, 0x0, 0x0, 0x0, 0x0, 0x0,
    0x1, 0xff, 0xff, 0x0, 0x0, 0x0, 0x0, 0x0,
    0x0, 0x0, 0x0, 0x0, 0x7, 0xff, 0xff, 0x60,
    0x0, 0x0, 0x0, 0x0, 0x0, 0x0, 0x0, 0x0,
    0xe, 0xff, 0xff, 0xd0, 0x0, 0x0, 0x0, 0x0,
    0x0, 0x0, 0x0, 0x0, 0x5f, 0xff, 0xff, 0xf3,
    0x0, 0x0, 0x0, 0x0, 0x0, 0x0, 0x0, 0x0,
    0xcf, 0xff, 0xff, 0xfa, 0x0, 0x0, 0x0, 0x0,
    0x0, 0x0, 0x0, 0x2, 0xff, 0xbe, 0xff, 0xff,
    0x10, 0x0, 0x0, 0x0, 0x0, 0x0, 0x0, 0x9,
    0xff, 0x48, 0xff, 0xff, 0x70, 0x0, 0x0, 0x0,
    0x0, 0x0, 0x0, 0x1f, 0xfd, 0x2, 0xff, 0xff,
    0xd0, 0x0, 0x0, 0x0, 0x0, 0x0, 0x0, 0x7f,
    0xf7, 0x0, 0xcf, 0xff, 0xf4, 0x0, 0x0, 0x0,
    0x0, 0x0, 0x0, 0xdf, 0xf1, 0x0, 0x6f, 0xff,
    0xfb, 0x0, 0x0, 0x0, 0x0, 0x0, 0x4, 0xff,
    0xa0, 0x0, 0x1f, 0xff, 0xff, 0x10, 0x0, 0x0,
    0x0, 0x0, 0xb, 0xff, 0x30, 0x0, 0xa, 0xff,
    0xff, 0x80, 0x0, 0x0, 0x0, 0x0, 0x2f, 0xff,
    0x77, 0x77, 0x7a, 0xff, 0xff, 0xe0, 0x0, 0x0,
    0x0, 0x0, 0x9f, 0xff, 0xff, 0xff, 0xf7, 0xef,
    0xff, 0xf5, 0x0, 0x0, 0x0, 0x0, 0xff, 0xff,
    0xff, 0xfb, 0x20, 0x8f, 0xff, 0xfb, 0x0, 0x0,
    0x0, 0x6, 0xff, 0x80, 0x0, 0x0, 0x0, 0x2f,
    0xff, 0xff, 0x20, 0x0, 0x0, 0xd, 0xff, 0x20,
    0x0, 0x0, 0x0, 0xc, 0xff, 0xff, 0x90, 0x0,
    0x0, 0x4f, 0xff, 0x0, 0x0, 0x0, 0x0, 0x5,
    0xff, 0xff, 0xe0, 0x0, 0x0, 0xbf, 0xff, 0x10,
    0x0, 0x0, 0x0, 0x0, 0xff, 0xff, 0xf6, 0x0,
    0x2c, 0xff, 0xff, 0xb1, 0x0, 0x0, 0x0, 0x0,
    0x9f, 0xff, 0xff, 0x70,

    /* U+0042 "B" */
    0x19, 0xff, 0xff, 0xff, 0xff, 0xec, 0x95, 0x0,
    0x0, 0x0, 0x3, 0xcf, 0xff, 0xff, 0xff, 0xff,
    0xfe, 0x40, 0x0, 0x0, 0x0, 0x6e, 0xf6, 0x13,
    0x8f, 0xff, 0xff, 0x40, 0x0, 0x1, 0x22, 0x4c,
    0x50, 0x0, 0x6f, 0xff, 0xfe, 0x0, 0x0, 0x9f,
    0xff, 0xf5, 0x0, 0x0, 0xff, 0xff, 0xf3, 0x0,
    0x9, 0xff, 0xff, 0x50, 0x0, 0xd, 0xff, 0xff,
    0x40, 0x0, 0x9f, 0xff, 0xf5, 0x0, 0x0, 0xcf,
    0xff, 0xf3, 0x0, 0x9, 0xff, 0xff, 0x50, 0x0,
    0xf, 0xff, 0xfe, 0x0, 0x0, 0x9f, 0xff, 0xf5,
    0x0, 0x6, 0xff, 0xff, 0x40, 0x0, 0x9, 0xff,
    0xff, 0x50, 0x5, 0xff, 0xfd, 0x30, 0x0, 0x0,
    0x9f, 0xff, 0xf5, 0x4d, 0xff, 0xfb, 0x10, 0x0,
    0x0, 0x9, 0xff, 0xff, 0x50, 0x1a, 0xff, 0xff,
    0x70, 0x0, 0x0, 0x9f, 0xff, 0xf5, 0x0, 0x7,
    0xff, 0xff, 0xb0, 0x0, 0x9, 0xff, 0xff, 0x50,
    0x0, 0xa, 0xff, 0xff, 0x80, 0x0, 0x9f, 0xff,
    0xf5, 0x0, 0x0, 0x3f, 0xff, 0xff, 0x0, 0x9,
    0xff, 0xff, 0x50, 0x0, 0x0, 0xff, 0xff, 0xf4,
    0x0, 0x9f, 0xff, 0xf5, 0x0, 0x0, 0xe, 0xff,
    0xff, 0x60, 0x9, 0xff, 0xff, 0x50, 0x0, 0x0,
    0xef, 0xff, 0xf5, 0x0, 0x9f, 0xff, 0xf5, 0x0,
    0x0, 0x2f, 0xff, 0xff, 0x20, 0x9, 0xff, 0xff,
    0x50, 0x0, 0xa, 0xff, 0xff, 0xd0, 0x0, 0x9f,
    0xff, 0xf7, 0x23, 0x5c, 0xff, 0xff, 0xf4, 0x0,
    0xa, 0xff, 0xff, 0xff, 0xff, 0xff, 0xff, 0xe5,
    0x0, 0x2b, 0xff, 0xff, 0xff, 0xff, 0xff, 0xdb,
    0x61, 0x0, 0x0,

    /* U+0043 "C" */
    0x0, 0x0, 0x0, 0x5, 0xad, 0xff, 0xec, 0x83,
    0x0, 0x0, 0x0, 0x6, 0xef, 0xff, 0xff, 0xff,
    0xff, 0xd5, 0x0, 0x0, 0xaf, 0xff, 0xfa, 0x43,
    0x5c, 0xff, 0xfa, 0x0, 0xb, 0xff, 0xff, 0x40,
    0x0, 0x0, 0x8f, 0xf8, 0x0, 0x7f, 0xff, 0xf8,
    0x0, 0x0, 0x0, 0xb, 0xf6, 0x1, 0xff, 0xff,
    0xf1, 0x0, 0x0, 0x0, 0x2, 0xf4, 0x8, 0xff,
    0xff, 0xb0, 0x0, 0x0, 0x0, 0x0, 0xb2, 0xd,
    0xff, 0xff, 0x70, 0x0, 0x0, 0x0, 0x0, 0x40,
    0x1f, 0xff, 0xff, 0x40, 0x0, 0x0, 0x0, 0x0,
    0x0, 0x4f, 0xff, 0xff, 0x30, 0x0, 0x0, 0x0,
    0x0, 0x0, 0x6f, 0xff, 0xff, 0x20, 0x0, 0x0,
    0x0, 0x0, 0x0, 0x7f, 0xff, 0xff, 0x20, 0x0,
    0x0, 0x0, 0x0, 0x0, 0x6f, 0xff, 0xff, 0x20,
    0x0, 0x0, 0x0, 0x0, 0x0, 0x5f, 0xff, 0xff,
    0x30, 0x0, 0x0, 0x0, 0x0, 0x0, 0x2f, 0xff,
    0xff, 0x50, 0x0, 0x0, 0x0, 0x0, 0x0, 0xe,
    0xff, 0xff, 0x80, 0x0, 0x0, 0x0, 0x0, 0x22,
    0xa, 0xff, 0xff, 0xb0, 0x0, 0x0, 0x0, 0x0,
    0x94, 0x3, 0xff, 0xff, 0xf1, 0x0, 0x0, 0x0,
    0x1, 0xf7, 0x0, 0xbf, 0xff, 0xf9, 0x0, 0x0,
    0x0, 0xa, 0xf9, 0x0, 0x1e, 0xff, 0xff, 0x50,
    0x0, 0x0, 0x6f, 0xfb, 0x0, 0x2, 0xdf, 0xff,
    0xfa, 0x43, 0x4a, 0xff, 0xfd, 0x0, 0x0, 0x19,
    0xff, 0xff, 0xff, 0xff, 0xff, 0xd4, 0x0, 0x0,
    0x0, 0x17, 0xbd, 0xff, 0xec, 0x83, 0x0,

    /* U+0044 "D" */
    0x19, 0xff, 0xff, 0xff, 0xff, 0xfe, 0xb8, 0x20,
    0x0, 0x0, 0x0, 0x0, 0x3c, 0xff, 0xff, 0xff,
    0xff, 0xff, 0xfb, 0x20, 0x0, 0x0, 0x0, 0x0,
    0x6e, 0xf8, 0x11, 0x25, 0xcf, 0xff, 0xf6, 0x0,
    0x0, 0x0, 0x12, 0x24, 0xc8, 0x0, 0x0, 0x8,
    0xff, 0xff, 0x60, 0x0, 0x0, 0x9f, 0xff, 0xf8,
    0x0, 0x0, 0x0, 0xcf, 0xff, 0xf3, 0x0, 0x0,
    0x9f, 0xff, 0xf8, 0x0, 0x0, 0x0, 0x4f, 0xff,
    0xfc, 0x0, 0x0, 0x9f, 0xff, 0xf8, 0x0, 0x0,
    0x0, 0xf, 0xff, 0xff, 0x30, 0x0, 0x9f, 0xff,
    0xf8, 0x0, 0x0, 0x0, 0xc, 0xff, 0xff, 0x90,
    0x0, 0x9f, 0xff, 0xf8, 0x0, 0x0, 0x0, 0xa,
    0xff, 0xff, 0xd0, 0x0, 0x9f, 0xff, 0xf8, 0x0,
    0x0, 0x0, 0x8, 0xff, 0xff, 0xf0, 0x0, 0x9f,
    0xff, 0xf8, 0x0, 0x0, 0x0, 0x7, 0xff, 0xff,
    0xf1, 0x0, 0x9f, 0xff, 0xf8, 0x0, 0x0, 0x0,
    0x7, 0xff, 0xff, 0xf2, 0x0, 0x9f, 0xff, 0xf8,
    0x0, 0x0, 0x0, 0x7, 0xff, 0xff, 0xf1, 0x0,
    0x9f, 0xff, 0xf8, 0x0, 0x0, 0x0, 0x8, 0xff,
    0xff, 0xf0, 0x0, 0x9f, 0xff, 0xf8, 0x0, 0x0,
    0x0, 0xa, 0xff, 0xff, 0xd0, 0x0, 0x9f, 0xff,
    0xf8, 0x0, 0x0, 0x0, 0xc, 0xff, 0xff, 0x90,
    0x0, 0x9f, 0xff, 0xf8, 0x0, 0x0, 0x0, 0xf,
    0xff, 0xff, 0x50, 0x0, 0x9f, 0xff, 0xf8, 0x0,
    0x0, 0x0, 0x6f, 0xff, 0xfd, 0x0, 0x0, 0x9f,
    0xff, 0xf8, 0x0, 0x0, 0x0, 0xdf, 0xff, 0xf5,
    0x0, 0x0, 0x9f, 0xff, 0xf8, 0x0, 0x0, 0xa,
    0xff, 0xff, 0x80, 0x0, 0x0, 0x9f, 0xff, 0xf9,
    0x22, 0x36, 0xdf, 0xff, 0xf8, 0x0, 0x0, 0x0,
    0xaf, 0xff, 0xff, 0xff, 0xff, 0xff, 0xfc, 0x40,
    0x0, 0x0, 0x2b, 0xff, 0xff, 0xff, 0xff, 0xfe,
    0xc8, 0x40, 0x0, 0x0, 0x0,

    /* U+0045 "E" */
    0x19, 0xff, 0xff, 0xff, 0xff, 0xff, 0xff, 0xf6,
    0x0, 0x9, 0xff, 0xff, 0xff, 0xff, 0xff, 0xff,
    0x60, 0x0, 0x9f, 0xff, 0xfa, 0x44, 0x47, 0xdf,
    0xf6, 0x0, 0x9, 0xff, 0xff, 0x80, 0x0, 0x0,
    0x8f, 0x60, 0x0, 0x9f, 0xff, 0xf8, 0x0, 0x0,
    0x0, 0xb6, 0x0, 0x9, 0xff, 0xff, 0x80, 0x0,
    0x0, 0x2, 0x60, 0x0, 0x9f, 0xff, 0xf8, 0x0,
    0x0, 0x0, 0x3, 0x0, 0x9, 0xff, 0xff, 0x80,
    0x0, 0x0, 0x0, 0x0, 0x0, 0x9f, 0xff, 0xf8,
    0x0, 0x0, 0x0, 0x0, 0x0, 0x9, 0xff, 0xff,
    0x80, 0x0, 0x0, 0x0, 0x0, 0x0, 0x9f, 0xff,
    0xff, 0xff, 0xff, 0xfd, 0x10, 0x0, 0x9, 0xff,
    0xff, 0xff, 0xff, 0xfb, 0x10, 0x0, 0x0, 0x9f,
    0xff, 0xfc, 0x88, 0x87, 0x0, 0x0, 0x0, 0x9,
    0xff, 0xff, 0x80, 0x0, 0x0, 0x0, 0x0, 0x0,
    0x9f, 0xff, 0xf8, 0x0, 0x0, 0x0, 0x0, 0x0,
    0x9, 0xff, 0xff, 0x80, 0x0, 0x0, 0x0, 0x0,
    0x0, 0x9f, 0xff, 0xf8, 0x0, 0x0, 0x0, 0x3,
    0x10, 0x9, 0xff, 0xff, 0x80, 0x0, 0x0, 0x0,
    0x91, 0x0, 0x9f, 0xff, 0xf8, 0x0, 0x0, 0x0,
    0x3f, 0x10, 0x9, 0xff, 0xff, 0x80, 0x0, 0x0,
    0x2e, 0xf1, 0x0, 0x9f, 0xff, 0xfa, 0x55, 0x56,
    0xaf, 0xff, 0x10, 0xa, 0xff, 0xff, 0xff, 0xff,
    0xff, 0xff, 0xf1, 0x1b, 0xff, 0xff, 0xff, 0xff,
    0xff, 0xff, 0xff, 0x10,

    /* U+0046 "F" */
    0x19, 0xff, 0xff, 0xff, 0xff, 0xff, 0xff, 0xf7,
    0x0, 0x9f, 0xff, 0xff, 0xff, 0xff, 0xff, 0xf7,
    0x0, 0x9f, 0xff, 0xfa, 0x44, 0x47, 0xcf, 0xf7,
    0x0, 0x9f, 0xff, 0xf8, 0x0, 0x0, 0x7, 0xf7,
    0x0, 0x9f, 0xff, 0xf8, 0x0, 0x0, 0x0, 0xa7,
    0x0, 0x9f, 0xff, 0xf8, 0x0, 0x0, 0x0, 0x17,
    0x0, 0x9f, 0xff, 0xf8, 0x0, 0x0, 0x0, 0x2,
    0x0, 0x9f, 0xff, 0xf8, 0x0, 0x0, 0x0, 0x0,
    0x0, 0x9f, 0xff, 0xf8, 0x0, 0x0, 0x0, 0x0,
    0x0, 0x9f, 0xff, 0xf8, 0x0, 0x0, 0x0, 0x0,
    0x0, 0x9f, 0xff, 0xff, 0xff, 0xff, 0xf8, 0x0,
    0x0, 0x9f, 0xff, 0xff, 0xff, 0xff, 0x60, 0x0,
    0x0, 0x9f, 0xff, 0xfc, 0x88, 0x83, 0x0, 0x0,
    0x0, 0x9f, 0xff, 0xf8, 0x0, 0x0, 0x0, 0x0,
    0x0, 0x9f, 0xff, 0xf8, 0x0, 0x0, 0x0, 0x0,
    0x0, 0x9f, 0xff, 0xf8, 0x0, 0x0, 0x0, 0x0,
    0x0, 0x9f, 0xff, 0xf8, 0x0, 0x0, 0x0, 0x0,
    0x0, 0x9f, 0xff, 0xf8, 0x0, 0x0, 0x0, 0x0,
    0x0, 0x9f, 0xff, 0xf8, 0x0, 0x0, 0x0, 0x0,
    0x0, 0x9f, 0xff, 0xf8, 0x0, 0x0, 0x0, 0x0,
    0x0, 0x9f, 0xff, 0xf8, 0x0, 0x0, 0x0, 0x0,
    0x0, 0x9f, 0xff, 0xf8, 0x0, 0x0, 0x0, 0x0,
    0x0, 0x9f, 0xff, 0xf8, 0x0, 0x0, 0x0, 0x0,
    0x0, 0x9f, 0xff, 0xf8, 0x0, 0x0, 0x0, 0x0,
    0x0, 0x9f, 0xff, 0xf8, 0x0, 0x0, 0x0, 0x0,
    0x0, 0x9f, 0xff, 0xf8, 0x0, 0x0, 0x0, 0x0,
    0x0, 0x3a, 0xff, 0xf8, 0x0, 0x0, 0x0, 0x0,
    0x0, 0x0, 0x3d, 0xf8, 0x0, 0x0, 0x0, 0x0,
    0x0, 0x0, 0x0, 0xb8, 0x0, 0x0, 0x0, 0x0,
    0x0, 0x0, 0x0, 0x4, 0x0, 0x0, 0x0, 0x0,

    /* U+0047 "G" */
    0x0, 0x0, 0x0, 0x2, 0x7c, 0xef, 0xfd, 0xb7,
    0x30, 0x0, 0x0, 0x0, 0x0, 0x2b, 0xff, 0xff,
    0xff, 0xff, 0xff, 0xb3, 0x0, 0x0, 0x0, 0x6f,
    0xff, 0xfd, 0x63, 0x36, 0xdf, 0xff, 0xf5, 0x0,
    0x0, 0x7f, 0xff, 0xf9, 0x0, 0x0, 0x0, 0xdf,
    0xff, 0x40, 0x0, 0x4f, 0xff, 0xfc, 0x0, 0x0,
    0x0, 0x4, 0xff, 0x80, 0x0, 0xd, 0xff, 0xff,
    0x30, 0x0, 0x0, 0x0, 0xf, 0xb0, 0x0, 0x6,
    0xff, 0xff, 0xc0, 0x0, 0x0, 0x0, 0x0, 0xd1,
    0x0, 0x0, 0xcf, 0xff, 0xf8, 0x0, 0x0, 0x0,
    0x0, 0x3, 0x0, 0x0, 0x1f, 0xff, 0xff, 0x50,
    0x0, 0x0, 0x0, 0x0, 0x0, 0x0, 0x4, 0xff,
    0xff, 0xf3, 0x0, 0x0, 0x0, 0x0, 0x0, 0x0,
    0x0, 0x6f, 0xff, 0xff, 0x20, 0x0, 0x0, 0x0,
    0x0, 0x0, 0x0, 0x7, 0xff, 0xff, 0xf2, 0x0,
    0x0, 0x26, 0x77, 0x77, 0x77, 0x71, 0x6f, 0xff,
    0xff, 0x30, 0x0, 0x0, 0x1b, 0xff, 0xff, 0xff,
    0x35, 0xff, 0xff, 0xf3, 0x0, 0x0, 0x0, 0x9,
    0xff, 0xff, 0xf3, 0x2f, 0xff, 0xff, 0x50, 0x0,
    0x0, 0x0, 0xf, 0xff, 0xff, 0x30, 0xef, 0xff,
    0xf8, 0x0, 0x0, 0x0, 0x0, 0xaf, 0xff, 0xf3,
    0xa, 0xff, 0xff, 0xc0, 0x0, 0x0, 0x0, 0x9,
    0xff, 0xff, 0x30, 0x3f, 0xff, 0xff, 0x20, 0x0,
    0x0, 0x0, 0x8f, 0xff, 0xf3, 0x0, 0xaf, 0xff,
    0xfa, 0x0, 0x0, 0x0, 0x8, 0xff, 0xff, 0x30,
    0x1, 0xdf, 0xff, 0xf8, 0x0, 0x0, 0x0, 0x8f,
    0xff, 0xf3, 0x0, 0x2, 0xdf, 0xff, 0xfc, 0x63,
    0x34, 0x8e, 0xff, 0xff, 0x30, 0x0, 0x0, 0x8f,
    0xff, 0xff, 0xff, 0xfa, 0x9f, 0xff, 0xf3, 0x0,
    0x0, 0x0, 0x16, 0xad, 0xff, 0xf5, 0x8, 0xff,
    0xff, 0x30, 0x0, 0x0, 0x0, 0x0, 0x0, 0x0,
    0x0, 0x8f, 0xff, 0xf3, 0x0, 0x0, 0x0, 0x0,
    0x0, 0x0, 0x0, 0x8, 0xff, 0xff, 0x30, 0x0,
    0x0, 0x0, 0x0, 0x0, 0x0, 0x0, 0x8f, 0xff,
    0xf3, 0x0, 0x0, 0x0, 0x0, 0x0, 0x0, 0x0,
    0x0, 0x4c, 0xff, 0x30, 0x0, 0x0, 0x0, 0x0,
    0x0, 0x0, 0x0, 0x0, 0x9, 0xf3, 0x0, 0x0,
    0x0, 0x0, 0x0, 0x0, 0x0, 0x0, 0x0, 0x9,
    0x30, 0x0, 0x0, 0x0, 0x0, 0x0, 0x0, 0x0,
    0x0, 0x0, 0x1,

    /* U+0048 "H" */
    0x8, 0xff, 0xff, 0xff, 0x92, 0x0, 0x1a, 0xff,
    0xff, 0xff, 0x91, 0x0, 0x9f, 0xff, 0xf8, 0x0,
    0x0, 0x0, 0xdf, 0xff, 0xf9, 0x0, 0x0, 0x9f,
    0xff, 0xf8, 0x0, 0x0, 0x0, 0x9f, 0xff, 0xf9,
    0x0, 0x0, 0x9f, 0xff, 0xf8, 0x0, 0x0, 0x0,
    0x8f, 0xff, 0xf9, 0x0, 0x0, 0x9f, 0xff, 0xf8,
    0x0, 0x0, 0x0, 0x8f, 0xff, 0xf9, 0x0, 0x0,
    0x9f, 0xff, 0xf8, 0x0, 0x0, 0x0, 0x8f, 0xff,
    0xf9, 0x0, 0x0, 0x9f, 0xff, 0xf8, 0x0, 0x0,
    0x0, 0x8f, 0xff, 0xf9, 0x0, 0x0, 0x9f, 0xff,
    0xf8, 0x0, 0x0, 0x0, 0x8f, 0xff, 0xf9, 0x0,
    0x0, 0x9f, 0xff, 0xf8, 0x0, 0x0, 0x0, 0x8f,
    0xff, 0xf9, 0x0, 0x0, 0x9f, 0xff, 0xfc, 0x88,
    0x88, 0x88, 0xcf, 0xff, 0xf9, 0x0, 0x0, 0x9f,
    0xff, 0xff, 0xff, 0xff, 0xfc, 0xaf, 0xff, 0xf9,
    0x0, 0x0, 0x9f, 0xff, 0xff, 0xff, 0xff, 0x80,
    0x8f, 0xff, 0xf9, 0x0, 0x0, 0x9f, 0xff, 0xf8,
    0x0, 0x0, 0x0, 0x8f, 0xff, 0xf9, 0x0, 0x0,
    0x9f, 0xff, 0xf8, 0x0, 0x0, 0x0, 0x8f, 0xff,
    0xf9, 0x0, 0x0, 0x9f, 0xff, 0xf8, 0x0, 0x0,
    0x0, 0x8f, 0xff, 0xf9, 0x0, 0x0, 0x9f, 0xff,
    0xf8, 0x0, 0x0, 0x0, 0x8f, 0xff, 0xf9, 0x0,
    0x0, 0x9f, 0xff, 0xf8, 0x0, 0x0, 0x0, 0x8f,
    0xff, 0xf9, 0x0, 0x0, 0x9f, 0xff, 0xf8, 0x0,
    0x0, 0x0, 0x8f, 0xff, 0xf9, 0x0, 0x0, 0x9f,
    0xff, 0xf8, 0x0, 0x0, 0x0, 0x8f, 0xff, 0xf9,
    0x0, 0x0, 0x9f, 0xff, 0xf8, 0x0, 0x0, 0x0,
    0x8f, 0xff, 0xf9, 0x0, 0x0, 0x9f, 0xff, 0xf9,
    0x0, 0x0, 0x0, 0x8f, 0xff, 0xf9, 0x0, 0x0,
    0xaf, 0xff, 0xfd, 0x0, 0x0, 0x0, 0x8f, 0xff,
    0xf9, 0x0, 0x1a, 0xff, 0xff, 0xff, 0xa1, 0x0,
    0x0, 0x8f, 0xff, 0xf9, 0x0, 0x0, 0x0, 0x0,
    0x0, 0x0, 0x0, 0x0, 0x8f, 0xff, 0xf9, 0x0,
    0x0, 0x0, 0x0, 0x0, 0x0, 0x0, 0x0, 0x8f,
    0xff, 0xf9, 0x0, 0x0, 0x0, 0x0, 0x0, 0x0,
    0x0, 0x0, 0x8f, 0xff, 0xf9, 0x0, 0x0, 0x0,
    0x0, 0x0, 0x0, 0x0, 0x0, 0x2a, 0xff, 0xf9,
    0x0, 0x0, 0x0, 0x0, 0x0, 0x0, 0x0, 0x0,
    0x0, 0x2c, 0xf9, 0x0, 0x0, 0x0, 0x0, 0x0,
    0x0, 0x0, 0x0, 0x0, 0x0, 0xa9, 0x0, 0x0,
    0x0, 0x0, 0x0, 0x0, 0x0, 0x0, 0x0, 0x0,
    0x4, 0x0,

    /* U+0049 "I" */
    0x1a, 0xff, 0xff, 0xff, 0xa1, 0x0, 0xaf, 0xff,
    0xf8, 0x0, 0x0, 0x9f, 0xff, 0xf8, 0x0, 0x0,
    0x9f, 0xff, 0xf8, 0x0, 0x0, 0x9f, 0xff, 0xf8,
    0x0, 0x0, 0x9f, 0xff, 0xf8, 0x0, 0x0, 0x9f,
    0xff, 0xf8, 0x0, 0x0, 0x9f, 0xff, 0xf8, 0x0,
    0x0, 0x9f, 0xff, 0xf8, 0x0, 0x0, 0x9f, 0xff,
    0xf8, 0x0, 0x0, 0x9f, 0xff, 0xf8, 0x0, 0x0,
    0x9f, 0xff, 0xf8, 0x0, 0x0, 0x9f, 0xff, 0xf8,
    0x0, 0x0, 0x9f, 0xff, 0xf8, 0x0, 0x0, 0x9f,
    0xff, 0xf8, 0x0, 0x0, 0x9f, 0xff, 0xf8, 0x0,
    0x0, 0x9f, 0xff, 0xf8, 0x0, 0x0, 0x9f, 0xff,
    0xf8, 0x0, 0x0, 0x9f, 0xff, 0xf8, 0x0, 0x0,
    0x9f, 0xff, 0xf8, 0x0, 0x0, 0x9f, 0xff, 0xf8,
    0x0, 0x0, 0x9f, 0xff, 0xf8, 0x0, 0x0, 0x9f,
    0xff, 0xf8, 0x0, 0x0, 0x3b, 0xff, 0xf8, 0x0,
    0x0, 0x0, 0x3d, 0xf8, 0x0, 0x0, 0x0, 0x0,
    0xb8, 0x0, 0x0, 0x0, 0x0, 0x4, 0x0,

    /* U+004A "J" */
    0x16, 0xef, 0xff, 0xff, 0xff, 0xb2, 0x0, 0xc,
    0xff, 0xff, 0xfb, 0x0, 0x0, 0x2, 0xff, 0xff,
    0xfa, 0x0, 0x0, 0x0, 0xbf, 0xff, 0xfa, 0x0,
    0x0, 0x0, 0x8f, 0xff, 0xfa, 0x0, 0x0, 0x0,
    0x7f, 0xff, 0xfa, 0x0, 0x0, 0x0, 0x7f, 0xff,
    0xfa, 0x0, 0x0, 0x0, 0x7f, 0xff, 0xfa, 0x0,
    0x0, 0x0, 0x7f, 0xff, 0xfa, 0x0, 0x0, 0x0,
    0x7f, 0xff, 0xfa, 0x0, 0x0, 0x0, 0x7f, 0xff,
    0xfa, 0x0, 0x0, 0x0, 0x7f, 0xff, 0xfa, 0x0,
    0x0, 0x0, 0x7f, 0xff, 0xfa, 0x0, 0x0, 0x0,
    0x7f, 0xff, 0xfa, 0x0, 0x0, 0x0, 0x7f, 0xff,
    0xfa, 0x0, 0x0, 0x0, 0x7f, 0xff, 0xfa, 0x0,
    0x0, 0x0, 0x7f, 0xff, 0xfa, 0x0, 0x0, 0x0,
    0x7f, 0xff, 0xfa, 0x0, 0x0, 0x0, 0x7f, 0xff,
    0xfa, 0x0, 0x0, 0x0, 0x7f, 0xff, 0xf9, 0x0,
    0x0, 0x0, 0x7f, 0xff, 0xf8, 0x0, 0x0, 0x0,
    0x7f, 0xff, 0xf5, 0x0, 0x0, 0x0, 0x7f, 0xff,
    0xf2, 0x0, 0x0, 0x0, 0x7f, 0xff, 0xe0, 0x0,
    0x0, 0x0, 0x7f, 0xff, 0x90, 0x0, 0x0, 0x0,
    0x7f, 0xff, 0x20, 0x0, 0x0, 0x0, 0x7f, 0xf9,
    0x0, 0x0, 0x0, 0x0, 0x9f, 0xd0, 0x0, 0x0,
    0x0, 0x0, 0xec, 0x10, 0x0, 0x0, 0x0, 0x4,
    0x70, 0x0, 0x0, 0x0,

    /* U+004B "K" */
    0x19, 0xff, 0xff, 0xff, 0xc5, 0x0, 0x0, 0x3f,
    0xff, 0xff, 0xa1, 0x0, 0x0, 0x0, 0x9f, 0xff,
    0xf8, 0x0, 0x0, 0x0, 0xd, 0xff, 0xf3, 0x0,
    0x0, 0x0, 0x0, 0x9f, 0xff, 0xf8, 0x0, 0x0,
    0x0, 0x3f, 0xff, 0x50, 0x0, 0x0, 0x0, 0x0,
    0x9f, 0xff, 0xf8, 0x0, 0x0, 0x0, 0xdf, 0xf7,
    0x0, 0x0, 0x0, 0x0, 0x0, 0x9f, 0xff, 0xf8,
    0x0, 0x0, 0xb, 0xff, 0xa0, 0x0, 0x0, 0x0,
    0x0, 0x0, 0x9f, 0xff, 0xf8, 0x0, 0x0, 0x8f,
    0xfc, 0x0, 0x0, 0x0, 0x0, 0x0, 0x0, 0x9f,
    0xff, 0xf8, 0x0, 0x5, 0xff, 0xd1, 0x0, 0x0,
    0x0, 0x0, 0x0, 0x0, 0x9f, 0xff, 0xf8, 0x0,
    0x2f, 0xff, 0x20, 0x0, 0x0, 0x0, 0x0, 0x0,
    0x0, 0x9f, 0xff, 0xf8, 0x1, 0xdf, 0xf4, 0x0,
    0x0, 0x0, 0x0, 0x0, 0x0, 0x0, 0x9f, 0xff,
    0xf8, 0xb, 0xff, 0xc0, 0x0, 0x0, 0x0, 0x0,
    0x0, 0x0, 0x0, 0x9f, 0xff, 0xf8, 0x9f, 0xff,
    0xf4, 0x0, 0x0, 0x0, 0x0, 0x0, 0x0, 0x0,
    0x9f, 0xff, 0xf8, 0xcf, 0xff, 0xfd, 0x0, 0x0,
    0x0, 0x0, 0x0, 0x0, 0x0, 0x9f, 0xff, 0xf8,
    0x3f, 0xff, 0xff, 0x70, 0x0, 0x0, 0x0, 0x0,
    0x0, 0x0, 0x9f, 0xff, 0xf8, 0x9, 0xff, 0xff,
    0xe1, 0x0, 0x0, 0x0, 0x0, 0x0, 0x0, 0x9f,
    0xff, 0xf8, 0x1, 0xff, 0xff, 0xf9, 0x0, 0x0,
    0x0, 0x0, 0x0, 0x0, 0x9f, 0xff, 0xf8, 0x0,
    0x7f, 0xff, 0xff, 0x20, 0x0, 0x0, 0x0, 0x0,
    0x0, 0x9f, 0xff, 0xf8, 0x0, 0xd, 0xff, 0xff,
    0xc0, 0x0, 0x0, 0x0, 0x0, 0x0, 0x9f, 0xff,
    0xf8, 0x0, 0x5, 0xff, 0xff, 0xf5, 0x0, 0x0,
    0x0, 0x0, 0x0, 0x9f, 0xff, 0xf8, 0x0, 0x0,
    0xbf, 0xff, 0xfe, 0x0, 0x0, 0x0, 0x0, 0x0,
    0x9f, 0xff, 0xf8, 0x0, 0x0, 0x2f, 0xff, 0xff,
    0x70, 0x0, 0x0, 0x0, 0x0, 0x9f, 0xff, 0xfa,
    0x0, 0x0, 0x8, 0xff, 0xff, 0xf1, 0x0, 0x0,
    0x0, 0x0, 0x9f, 0xff, 0xfe, 0x0, 0x0, 0x0,
    0xef, 0xff, 0xfa, 0x0, 0x0, 0x0, 0x1a, 0xff,
    0xff, 0xff, 0xc3, 0x0, 0x0, 0x3f, 0xff, 0xff,
    0x30, 0x0, 0x0, 0x0, 0x0, 0x0, 0x0, 0x0,
    0x0, 0x0, 0x7, 0xff, 0xff, 0xc0, 0x0, 0x0,
    0x0, 0x0, 0x0, 0x0, 0x0, 0x0, 0x0, 0x0,
    0xaf, 0xff, 0xf6, 0x0, 0x0, 0x0, 0x0, 0x0,
    0x0, 0x0, 0x0, 0x0, 0x0, 0xb, 0xff, 0xfe,
    0x0, 0x0, 0x0, 0x0, 0x0, 0x0, 0x0, 0x0,
    0x0, 0x0, 0x0, 0x9f, 0xff, 0x80, 0x0, 0x0,
    0x0, 0x0, 0x0, 0x0, 0x0, 0x0, 0x0, 0x0,
    0x7, 0xff, 0xf3, 0x0, 0x0, 0x0, 0x0, 0x0,
    0x0, 0x0, 0x0, 0x0, 0x0, 0x0, 0x3c, 0xfe,
    0x20, 0x0, 0x0, 0x0, 0x0, 0x0, 0x0, 0x0,
    0x0, 0x0, 0x0, 0x0, 0x4a, 0xd5,

    /* U+004C "L" */
    0x19, 0xff, 0xff, 0xff, 0xd7, 0x10, 0x0, 0x0,
    0x0, 0x9f, 0xff, 0xf8, 0x0, 0x0, 0x0, 0x0,
    0x0, 0x9f, 0xff, 0xf8, 0x0, 0x0, 0x0, 0x0,
    0x0, 0x9f, 0xff, 0xf8, 0x0, 0x0, 0x0, 0x0,
    0x0, 0x9f, 0xff, 0xf8, 0x0, 0x0, 0x0, 0x0,
    0x0, 0x9f, 0xff, 0xf8, 0x0, 0x0, 0x0, 0x0,
    0x0, 0x9f, 0xff, 0xf8, 0x0, 0x0, 0x0, 0x0,
    0x0, 0x9f, 0xff, 0xf8, 0x0, 0x0, 0x0, 0x0,
    0x0, 0x9f, 0xff, 0xf8, 0x0, 0x0, 0x0, 0x0,
    0x0, 0x9f, 0xff, 0xf8, 0x0, 0x0, 0x0, 0x0,
    0x0, 0x9f, 0xff, 0xf8, 0x0, 0x0, 0x0, 0x0,
    0x0, 0x9f, 0xff, 0xf8, 0x0, 0x0, 0x0, 0x0,
    0x0, 0x9f, 0xff, 0xf8, 0x0, 0x0, 0x0, 0x0,
    0x0, 0x9f, 0xff, 0xf8, 0x0, 0x0, 0x0, 0x0,
    0x0, 0x9f, 0xff, 0xf8, 0x0, 0x0, 0x0, 0x0,
    0x0, 0x9f, 0xff, 0xf8, 0x0, 0x0, 0x0, 0x0,
    0x0, 0x9f, 0xff, 0xf8, 0x0, 0x0, 0x0, 0x4,
    0x0, 0x9f, 0xff, 0xf8, 0x0, 0x0, 0x0, 0xa,
    0x0, 0x9f, 0xff, 0xf8, 0x0, 0x0, 0x0, 0x6d,
    0x0, 0x9f, 0xff, 0xf8, 0x0, 0x0, 0x4, 0xfd,
    0x0, 0x9f, 0xff, 0xfa, 0x55, 0x56, 0xaf, 0xfd,
    0x0, 0xaf, 0xff, 0xff, 0xff, 0xff, 0xff, 0xfd,
    0x1b, 0xff, 0xff, 0xff, 0xff, 0xff, 0xff, 0xfd,

    /* U+004D "M" */
    0x1a, 0xff, 0xff, 0xf6, 0x0, 0x0, 0x0, 0x0,
    0x0, 0x8, 0xff, 0xff, 0xe7, 0x0, 0xa, 0xff,
    0xff, 0xd0, 0x0, 0x0, 0x0, 0x0, 0x0, 0xef,
    0xff, 0xf3, 0x0, 0x0, 0x9f, 0xff, 0xff, 0x30,
    0x0, 0x0, 0x0, 0x0, 0x4f, 0xff, 0xff, 0x20,
    0x0, 0x9, 0xff, 0xff, 0xfa, 0x0, 0x0, 0x0,
    0x0, 0xb, 0xff, 0xff, 0xf2, 0x0, 0x0, 0x9f,
    0xff, 0xff, 0xf1, 0x0, 0x0, 0x0, 0x1, 0xff,
    0xff, 0xff, 0x20, 0x0, 0x9, 0xff, 0xff, 0xff,
    0x70, 0x0, 0x0, 0x0, 0x7f, 0xff, 0xff, 0xf2,
    0x0, 0x0, 0x9f, 0xff, 0xff, 0xfd, 0x0, 0x0,
    0x0, 0xe, 0xff, 0xff, 0xff, 0x20, 0x0, 0x9,
    0xff, 0xff, 0xff, 0xf4, 0x0, 0x0, 0x4, 0xff,
    0xff, 0xff, 0xf2, 0x0, 0x0, 0x9f, 0xfe, 0xff,
    0xff, 0xa0, 0x0, 0x0, 0xbf, 0xbf, 0xff, 0xff,
    0x20, 0x0, 0x9, 0xff, 0x7f, 0xff, 0xff, 0x10,
    0x0, 0x1f, 0xf5, 0xff, 0xff, 0xf2, 0x0, 0x0,
    0x9f, 0xf4, 0xbf, 0xff, 0xf7, 0x0, 0x7, 0xfe,
    0xf, 0xff, 0xff, 0x20, 0x0, 0x9, 0xff, 0x44,
    0xff, 0xff, 0xe0, 0x0, 0xef, 0x80, 0xff, 0xff,
    0xf2, 0x0, 0x0, 0x9f, 0xf4, 0xd, 0xff, 0xff,
    0x40, 0x4f, 0xf2, 0xf, 0xff, 0xff, 0x20, 0x0,
    0x9, 0xff, 0x40, 0x7f, 0xff, 0xfb, 0xb, 0xfb,
    0x0, 0xff, 0xff, 0xf2, 0x0, 0x0, 0x9f, 0xf4,
    0x1, 0xff, 0xff, 0xf3, 0xff, 0x50, 0xf, 0xff,
    0xff, 0x20, 0x0, 0x9, 0xff, 0x40, 0x9, 0xff,
    0xff, 0xef, 0xe0, 0x0, 0xff, 0xff, 0xf2, 0x0,
    0x0, 0x9f, 0xf4, 0x0, 0x3f, 0xff, 0xff, 0xf8,
    0x0, 0xf, 0xff, 0xff, 0x20, 0x0, 0x9, 0xff,
    0x40, 0x0, 0xcf, 0xff, 0xff, 0x20, 0x0, 0xff,
    0xff, 0xf2, 0x0, 0x0, 0x9f, 0xf4, 0x0, 0x5,
    0xff, 0xff, 0xb0, 0x0, 0xf, 0xff, 0xff, 0x20,
    0x0, 0x9, 0xff, 0x40, 0x0, 0xe, 0xff, 0xf5,
    0x0, 0x0, 0xff, 0xff, 0xf2, 0x0, 0x0, 0x9f,
    0xf4, 0x0, 0x0, 0x8f, 0xfe, 0x0, 0x0, 0xf,
    0xff, 0xff, 0x20, 0x0, 0x9, 0xff, 0x40, 0x0,
    0x1, 0xff, 0x80, 0x0, 0x0, 0xff, 0xff, 0xf3,
    0x0, 0x1a, 0xff, 0xf4, 0x0, 0x0, 0xa, 0xf2,
    0x0, 0x0, 0xf, 0xff, 0xff, 0xe5, 0x0, 0x0,
    0x0, 0x0, 0x0, 0x0, 0x3c, 0x0, 0x0, 0x0,
    0x0, 0x0, 0x0, 0x0, 0x0, 0x0, 0x0, 0x0,
    0x0, 0x0, 0x30, 0x0, 0x0, 0x0, 0x0, 0x0,
    0x0, 0x0,

    /* U+004E "N" */
    0x7, 0xff, 0xff, 0xfb, 0x0, 0x0, 0x0, 0x3b,
    0xff, 0xff, 0xa1, 0x0, 0x3f, 0xff, 0xff, 0x70,
    0x0, 0x0, 0x0, 0xcf, 0xf9, 0x0, 0x0, 0xa,
    0xff, 0xff, 0xf3, 0x0, 0x0, 0x0, 0x7f, 0xf9,
    0x0, 0x0, 0x9, 0xff, 0xff, 0xfd, 0x0, 0x0,
    0x0, 0x5f, 0xf9, 0x0, 0x0, 0x9, 0xff, 0xff,
    0xff, 0x90, 0x0, 0x0, 0x5f, 0xf9, 0x0, 0x0,
    0x9, 0xff, 0xff, 0xff, 0xf4, 0x0, 0x0, 0x5f,
    0xf9, 0x0, 0x0, 0x9, 0xff, 0xff, 0xff, 0xfe,
    0x10, 0x0, 0x5f, 0xf9, 0x0, 0x0, 0x9, 0xff,
    0x6e, 0xff, 0xff, 0xa0, 0x0, 0x5f, 0xf9, 0x0,
    0x0, 0x9, 0xff, 0x45, 0xff, 0xff, 0xf6, 0x0,
    0x5f, 0xf9, 0x0, 0x0, 0x9, 0xff, 0x40, 0x9f,
    0xff, 0xff, 0x20, 0x5f, 0xf9, 0x0, 0x0, 0x9,
    0xff, 0x40, 0xd, 0xff, 0xff, 0xc0, 0x5f, 0xf9,
    0x0, 0x0, 0x9, 0xff, 0x40, 0x3, 0xff, 0xff,
    0xf8, 0x5f, 0xf9, 0x0, 0x0, 0x9, 0xff, 0x40,
    0x0, 0x7f, 0xff, 0xff, 0x8f, 0xf9, 0x0, 0x0,
    0x9, 0xff, 0x40, 0x0, 0xb, 0xff, 0xff, 0xff,
    0xf9, 0x0, 0x0, 0x9, 0xff, 0x40, 0x0, 0x1,
    0xef, 0xff, 0xff, 0xf9, 0x0, 0x0, 0x9, 0xff,
    0x40, 0x0, 0x0, 0x5f, 0xff, 0xff, 0xf9, 0x0,
    0x0, 0x9, 0xff, 0x40, 0x0, 0x0, 0x9, 0xff,
    0xff, 0xf9, 0x0, 0x0, 0x9, 0xff, 0x40, 0x0,
    0x0, 0x0, 0xdf, 0xff, 0xf9, 0x0, 0x0, 0x9,
    0xff, 0x40, 0x0, 0x0, 0x0, 0x3f, 0xff, 0xf9,
    0x0, 0x0, 0x9, 0xff, 0x50, 0x0, 0x0, 0x0,
    0x7, 0xff, 0xf9, 0x0, 0x0, 0x9, 0xff, 0x60,
    0x0, 0x0, 0x0, 0x0, 0xcf, 0xf9, 0x0, 0x0,
    0x9, 0xff, 0xb0, 0x0, 0x0, 0x0, 0x0, 0x1e,
    0xf9, 0x0, 0x1, 0xaf, 0xff, 0xfb, 0x30, 0x0,
    0x0, 0x0, 0x5, 0xf9, 0x0, 0x0, 0x0, 0x0,
    0x0, 0x0, 0x0, 0x0, 0x0, 0x0, 0x99, 0x0,
    0x0, 0x0, 0x0, 0x0, 0x0, 0x0, 0x0, 0x0,
    0x0, 0x6, 0x0,

    /* U+004F "O" */
    0x0, 0x0, 0x0, 0x5, 0xad, 0xef, 0xc0, 0x1,
    0x0, 0x0, 0x0, 0x0, 0x0, 0x6, 0xef, 0xff,
    0xff, 0xa0, 0xe, 0xa1, 0x0, 0x0, 0x0, 0x0,
    0xaf, 0xff, 0xe6, 0xdf, 0x60, 0x4f, 0xfe, 0x30,
    0x0, 0x0, 0xb, 0xff, 0xfe, 0x20, 0x9f, 0x20,
    0x7f, 0xff, 0xf3, 0x0, 0x0, 0x8f, 0xff, 0xf6,
    0x0, 0x5e, 0x0, 0x1e, 0xff, 0xfe, 0x0, 0x1,
    0xff, 0xff, 0xe0, 0x0, 0x19, 0x0, 0x9, 0xff,
    0xff, 0x80, 0x9, 0xff, 0xff, 0xa0, 0x0, 0x3,
    0x0, 0x4, 0xff, 0xff, 0xf0, 0xe, 0xff, 0xff,
    0x70, 0x0, 0x0, 0x0, 0x0, 0xff, 0xff, 0xf5,
    0x2f, 0xff, 0xff, 0x40, 0x0, 0x0, 0x0, 0x0,
    0xef, 0xff, 0xf8, 0x4f, 0xff, 0xff, 0x30, 0x0,
    0x0, 0x0, 0x0, 0xdf, 0xff, 0xfb, 0x6f, 0xff,
    0xff, 0x20, 0x0, 0x0, 0x0, 0x0, 0xcf, 0xff,
    0xfd, 0x7f, 0xff, 0xff, 0x20, 0x0, 0x0, 0x0,
    0x0, 0xbf, 0xff, 0xfd, 0x6f, 0xff, 0xff, 0x20,
    0x0, 0x0, 0x0, 0x0, 0xcf, 0xff, 0xfc, 0x4f,
    0xff, 0xff, 0x30, 0x0, 0x0, 0x0, 0x0, 0xdf,
    0xff, 0xfb, 0x2f, 0xff, 0xff, 0x50, 0x0, 0x0,
    0x0, 0x0, 0xef, 0xff, 0xf8, 0xe, 0xff, 0xff,
    0x70, 0x0, 0x0, 0x0, 0x0, 0xff, 0xff, 0xf4,
    0x9, 0xff, 0xff, 0xa0, 0x0, 0x0, 0x0, 0x4,
    0xff, 0xff, 0xe0, 0x1, 0xff, 0xff, 0xf0, 0x0,
    0x0, 0x0, 0x9, 0xff, 0xff, 0x80, 0x0, 0x8f,
    0xff, 0xf7, 0x0, 0x0, 0x0, 0x1f, 0xff, 0xfe,
    0x10, 0x0, 0xc, 0xff, 0xff, 0x30, 0x0, 0x0,
    0xbf, 0xff, 0xf3, 0x0, 0x0, 0x0, 0xbf, 0xff,
    0xf8, 0x43, 0x6d, 0xff, 0xfe, 0x30, 0x0, 0x0,
    0x0, 0x6, 0xef, 0xff, 0xff, 0xff, 0xff, 0xa1,
    0x0, 0x0, 0x0, 0x0, 0x0, 0x5, 0xad, 0xff,
    0xec, 0x72, 0x0, 0x0, 0x0,

    /* U+0050 "P" */
    0x19, 0xff, 0xff, 0xff, 0xff, 0xfe, 0xc9, 0x40,
    0x0, 0x0, 0x3, 0xcf, 0xff, 0xff, 0xff, 0xff,
    0xff, 0xc3, 0x0, 0x0, 0x0, 0x6e, 0xfa, 0x45,
    0x8d, 0xff, 0xff, 0xf4, 0x0, 0x1, 0x33, 0x4c,
    0x80, 0x0, 0xb, 0xff, 0xff, 0xe1, 0x0, 0x9f,
    0xff, 0xf8, 0x0, 0x0, 0x1f, 0xff, 0xff, 0x60,
    0x9, 0xff, 0xff, 0x80, 0x0, 0x0, 0xdf, 0xff,
    0xf9, 0x0, 0x9f, 0xff, 0xf8, 0x0, 0x0, 0xb,
    0xff, 0xff, 0xb0, 0x9, 0xff, 0xff, 0x80, 0x0,
    0x0, 0xcf, 0xff, 0xf9, 0x0, 0x9f, 0xff, 0xf8,
    0x0, 0x0, 0xf, 0xff, 0xff, 0x50, 0x9, 0xff,
    0xff, 0x80, 0x0, 0x7, 0xff, 0xff, 0xe0, 0x0,
    0x9f, 0xff, 0xf8, 0x0, 0x29, 0xff, 0xff, 0xf4,
    0x0, 0x9, 0xff, 0xff, 0xdf, 0xff, 0xff, 0xff,
    0xe4, 0x0, 0x0, 0x9f, 0xff, 0xf8, 0x2c, 0xff,
    0xfd, 0x70, 0x0, 0x0, 0x9, 0xff, 0xff, 0x80,
    0x4, 0x41, 0x0, 0x0, 0x0, 0x0, 0x9f, 0xff,
    0xf8, 0x0, 0x0, 0x0, 0x0, 0x0, 0x0, 0x9,
    0xff, 0xff, 0x80, 0x0, 0x0, 0x0, 0x0, 0x0,
    0x0, 0x9f, 0xff, 0xf8, 0x0, 0x0, 0x0, 0x0,
    0x0, 0x0, 0x9, 0xff, 0xff, 0x80, 0x0, 0x0,
    0x0, 0x0, 0x0, 0x0, 0x9f, 0xff, 0xf8, 0x0,
    0x0, 0x0, 0x0, 0x0, 0x0, 0x9, 0xff, 0xff,
    0x80, 0x0, 0x0, 0x0, 0x0, 0x0, 0x0, 0x9f,
    0xff, 0xf8, 0x0, 0x0, 0x0, 0x0, 0x0, 0x0,
    0x9, 0xff, 0xff, 0x80, 0x0, 0x0, 0x0, 0x0,
    0x0, 0x0, 0x9f, 0xff, 0xf8, 0x0, 0x0, 0x0,
    0x0, 0x0, 0x0, 0x1, 0x6e, 0xff, 0x80, 0x0,
    0x0, 0x0, 0x0, 0x0, 0x0, 0x0, 0x9, 0xf8,
    0x0, 0x0, 0x0, 0x0, 0x0, 0x0, 0x0, 0x0,
    0x8, 0x80, 0x0, 0x0, 0x0, 0x0, 0x0, 0x0,
    0x0, 0x0, 0x2, 0x0, 0x0, 0x0, 0x0, 0x0,
    0x0,

    /* U+0051 "Q" */
    0x0, 0x0, 0x0, 0x5, 0xad, 0xef, 0xec, 0x72,
    0x0, 0x0, 0x0, 0x0, 0x0, 0x0, 0x0, 0x0,
    0x0, 0x6e, 0xff, 0xff, 0xff, 0xff, 0xfa, 0x10,
    0x0, 0x0, 0x0, 0x0, 0x0, 0x0, 0x0, 0xaf,
    0xff, 0xf8, 0x43, 0x6d, 0xff, 0xfe, 0x30, 0x0,
    0x0, 0x0, 0x0, 0x0, 0x0, 0xbf, 0xff, 0xf3,
    0x0, 0x0, 0xb, 0xff, 0xff, 0x30, 0x0, 0x0,
    0x0, 0x0, 0x0, 0x8f, 0xff, 0xf7, 0x0, 0x0,
    0x0, 0x1f, 0xff, 0xfe, 0x10, 0x0, 0x0, 0x0,
    0x0, 0x1f, 0xff, 0xff, 0x0, 0x0, 0x0, 0x0,
    0x9f, 0xff, 0xf8, 0x0, 0x0, 0x0, 0x0, 0x9,
    0xff, 0xff, 0xa0, 0x0, 0x0, 0x0, 0x4, 0xff,
    0xff, 0xf0, 0x0, 0x0, 0x0, 0x0, 0xef, 0xff,
    0xf7, 0x0, 0x0, 0x0, 0x0, 0xf, 0xff, 0xff,
    0x40, 0x0, 0x0, 0x0, 0x2f, 0xff, 0xff, 0x50,
    0x0, 0x0, 0x0, 0x0, 0xef, 0xff, 0xf8, 0x0,
    0x0, 0x0, 0x4, 0xff, 0xff, 0xf3, 0x0, 0x0,
    0x0, 0x0, 0xd, 0xff, 0xff, 0xb0, 0x0, 0x0,
    0x0, 0x6f, 0xff, 0xff, 0x20, 0x0, 0x0, 0x0,
    0x0, 0xcf, 0xff, 0xfc, 0x0, 0x0, 0x0, 0x7,
    0xff, 0xff, 0xf2, 0x0, 0x0, 0x0, 0x0, 0xb,
    0xff, 0xff, 0xd0, 0x0, 0x0, 0x0, 0x6f, 0xff,
    0xff, 0x20, 0x0, 0x0, 0x0, 0x0, 0xcf, 0xff,
    0xfc, 0x0, 0x0, 0x0, 0x4, 0xff, 0xff, 0xf3,
    0x0, 0x0, 0x0, 0x0, 0xd, 0xff, 0xff, 0xb0,
    0x0, 0x0, 0x0, 0x2f, 0xff, 0xff, 0x50, 0x0,
    0x0, 0x0, 0x0, 0xff, 0xff, 0xf8, 0x0, 0x0,
    0x0, 0x0, 0xef, 0xff, 0xf7, 0x0, 0x0, 0x0,
    0x0, 0x5f, 0xff, 0xff, 0x40, 0x0, 0x0, 0x0,
    0x9, 0xff, 0xff, 0xa0, 0x0, 0x0, 0x0, 0x4e,
    0xff, 0xff, 0xe0, 0x0, 0x0, 0x0, 0x0, 0x1f,
    0xff, 0xff, 0x0, 0x0, 0x0, 0x5, 0xff, 0xff,
    0xf8, 0x0, 0x0, 0x0, 0x0, 0x0, 0x8f, 0xff,
    0xf7, 0x0, 0x0, 0x0, 0x3, 0xef, 0xfd, 0x0,
    0x0, 0x0, 0x0, 0x0, 0x0, 0xcf, 0xff, 0xf3,
    0x0, 0x5, 0x70, 0x2, 0xef, 0x30, 0x0, 0x0,
    0x0, 0x0, 0x0, 0x0, 0xbf, 0xff, 0xf8, 0x43,
    0xcf, 0x70, 0x1, 0x30, 0x0, 0x0, 0x0, 0x0,
    0x0, 0x0, 0x0, 0x6e, 0xff, 0xff, 0xff, 0xff,
    0x70, 0x0, 0x0, 0x0, 0x0, 0x0, 0x0, 0x0,
    0x0, 0x0, 0x5, 0xad, 0xff, 0xff, 0xff, 0x80,
    0x0, 0x0, 0x0, 0x0, 0x0, 0x0, 0x0, 0x0,
    0x0, 0x0, 0x0, 0x3, 0xff, 0xff, 0x80, 0x0,
    0x0, 0x0, 0x0, 0x0, 0x0, 0x0, 0x0, 0x0,
    0x0, 0x0, 0x3, 0xff, 0xff, 0x80, 0x0, 0x0,
    0x0, 0x0, 0x0, 0x0, 0x0, 0x0, 0x0, 0x0,
    0x0, 0x3, 0xff, 0xff, 0x90, 0x0, 0x0, 0x0,
    0x0, 0x0, 0x0, 0x0, 0x0, 0x0, 0x0, 0x0,
    0x3, 0xef, 0xff, 0xb1, 0x0, 0x0, 0x0, 0x0,
    0x0, 0x0, 0x0, 0x0, 0x0, 0x0, 0x0, 0x1,
    0xaf, 0xff, 0xe5, 0x0, 0x0, 0x0, 0x0, 0x0,
    0x0, 0x0, 0x0, 0x0, 0x0, 0x0, 0x0, 0x4c,
    0xff, 0xfd, 0x61, 0x0, 0x0, 0x0, 0x0, 0x0,
    0x0, 0x0, 0x0, 0x0, 0x0, 0x0, 0x3, 0x8c,
    0xef, 0xfb, 0x50,

    /* U+0052 "R" */
    0x19, 0xff, 0xff, 0xff, 0xff, 0xfe, 0xc9, 0x50,
    0x0, 0x0, 0x0, 0x0, 0x0, 0x0, 0x3c, 0xff,
    0xff, 0xff, 0xff, 0xff, 0xfe, 0x50, 0x0, 0x0,
    0x0, 0x0, 0x0, 0x0, 0x6e, 0xfa, 0x45, 0x7c,
    0xff, 0xff, 0xf8, 0x0, 0x0, 0x0, 0x0, 0x0,
    0x13, 0x34, 0xc8, 0x0, 0x0, 0x8f, 0xff, 0xff,
    0x30, 0x0, 0x0, 0x0, 0x0, 0x9f, 0xff, 0xf8,
    0x0, 0x0, 0xd, 0xff, 0xff, 0xa0, 0x0, 0x0,
    0x0, 0x0, 0x9f, 0xff, 0xf8, 0x0, 0x0, 0x9,
    0xff, 0xff, 0xd0, 0x0, 0x0, 0x0, 0x0, 0x9f,
    0xff, 0xf8, 0x0, 0x0, 0x9, 0xff, 0xff, 0xd0,
    0x0, 0x0, 0x0, 0x0, 0x9f, 0xff, 0xf8, 0x0,
    0x0, 0xc, 0xff, 0xff, 0xa0, 0x0, 0x0, 0x0,
    0x0, 0x9f, 0xff, 0xf8, 0x0, 0x0, 0x2f, 0xff,
    0xff, 0x40, 0x0, 0x0, 0x0, 0x0, 0x9f, 0xff,
    0xf8, 0x0, 0x1, 0xcf, 0xff, 0xfa, 0x0, 0x0,
    0x0, 0x0, 0x0, 0x9f, 0xff, 0xf8, 0x7a, 0xcf,
    0xff, 0xff, 0x80, 0x0, 0x0, 0x0, 0x0, 0x0,
    0x9f, 0xff, 0xf8, 0x5f, 0xff, 0xff, 0xa2, 0x0,
    0x0, 0x0, 0x0, 0x0, 0x0, 0x9f, 0xff, 0xf8,
    0xd, 0xff, 0xff, 0x90, 0x0, 0x0, 0x0, 0x0,
    0x0, 0x0, 0x9f, 0xff, 0xf8, 0x5, 0xff, 0xff,
    0xf2, 0x0, 0x0, 0x0, 0x0, 0x0, 0x0, 0x9f,
    0xff, 0xf8, 0x0, 0xcf, 0xff, 0xfb, 0x0, 0x0,
    0x0, 0x0, 0x0, 0x0, 0x9f, 0xff, 0xf8, 0x0,
    0x4f, 0xff, 0xff, 0x40, 0x0, 0x0, 0x0, 0x0,
    0x0, 0x9f, 0xff, 0xf8, 0x0, 0xb, 0xff, 0xff,
    0xd0, 0x0, 0x0, 0x0, 0x0, 0x0, 0x9f, 0xff,
    0xf8, 0x0, 0x3, 0xff, 0xff, 0xf7, 0x0, 0x0,
    0x0, 0x0, 0x0, 0x9f, 0xff, 0xf8, 0x0, 0x0,
    0xbf, 0xff, 0xfe, 0x10, 0x0, 0x0, 0x0, 0x0,
    0x9f, 0xff, 0xf8, 0x0, 0x0, 0x2f, 0xff, 0xff,
    0x90, 0x0, 0x0, 0x0, 0x0, 0x9f, 0xff, 0xfa,
    0x0, 0x0, 0x9, 0xff, 0xff, 0xf2, 0x0, 0x0,
    0x0, 0x0, 0xaf, 0xff, 0xff, 0x20, 0x0, 0x1,
    0xef, 0xff, 0xfb, 0x0, 0x0, 0x0, 0x1a, 0xff,
    0xff, 0xff, 0xe5, 0x0, 0x0, 0x4f, 0xff, 0xff,
    0x40, 0x0, 0x0, 0x0, 0x0, 0x0, 0x0, 0x0,
    0x0, 0x0, 0x8, 0xff, 0xff, 0xd0, 0x0, 0x0,
    0x0, 0x0, 0x0, 0x0, 0x0, 0x0, 0x0, 0x0,
    0xbf, 0xff, 0xf6, 0x0, 0x0, 0x0, 0x0, 0x0,
    0x0, 0x0, 0x0, 0x0, 0x0, 0xc, 0xff, 0xfe,
    0x10, 0x0, 0x0, 0x0, 0x0, 0x0, 0x0, 0x0,
    0x0, 0x0, 0x0, 0xbf, 0xff, 0x90, 0x0, 0x0,
    0x0, 0x0, 0x0, 0x0, 0x0, 0x0, 0x0, 0x0,
    0x8, 0xff, 0xf3, 0x0, 0x0, 0x0, 0x0, 0x0,
    0x0, 0x0, 0x0, 0x0, 0x0, 0x0, 0x3c, 0xfe,
    0x20, 0x0, 0x0, 0x0, 0x0, 0x0, 0x0, 0x0,
    0x0, 0x0, 0x0, 0x0, 0x4a, 0xd5,

    /* U+0053 "S" */
    0x0, 0x1, 0x7c, 0xef, 0xfd, 0xa6, 0x10, 0x0,
    0x0, 0x7f, 0xff, 0xff, 0xff, 0xff, 0xf8, 0x0,
    0x8, 0xff, 0xfd, 0x40, 0x15, 0xdf, 0xfa, 0x0,
    0x2f, 0xff, 0xe1, 0x0, 0x0, 0xc, 0xf9, 0x0,
    0x8f, 0xff, 0xa0, 0x0, 0x0, 0x2, 0xf8, 0x0,
    0xbf, 0xff, 0xb0, 0x0, 0x0, 0x0, 0x86, 0x0,
    0xcf, 0xff, 0xf3, 0x0, 0x0, 0x0, 0x14, 0x0,
    0xaf, 0xff, 0xfe, 0x30, 0x0, 0x0, 0x0, 0x0,
    0x5f, 0xff, 0xff, 0xf9, 0x10, 0x0, 0x0, 0x0,
    0xb, 0xff, 0xff, 0xff, 0xf7, 0x0, 0x0, 0x0,
    0x0, 0xcf, 0xff, 0xff, 0xff, 0xe4, 0x0, 0x0,
    0x0, 0x7, 0xff, 0xff, 0xff, 0xff, 0x90, 0x0,
    0x0, 0x0, 0x2b, 0xff, 0xff, 0xff, 0xfb, 0x0,
    0x0, 0x0, 0x0, 0x4d, 0xff, 0xff, 0xff, 0x70,
    0x0, 0x0, 0x0, 0x0, 0x8f, 0xff, 0xff, 0xe0,
    0x0, 0x0, 0x0, 0x0, 0x7, 0xff, 0xff, 0xf2,
    0x34, 0x0, 0x0, 0x0, 0x0, 0xdf, 0xff, 0xf4,
    0x4c, 0x0, 0x0, 0x0, 0x0, 0x8f, 0xff, 0xf2,
    0x6f, 0x60, 0x0, 0x0, 0x0, 0x9f, 0xff, 0xe0,
    0x7f, 0xf4, 0x0, 0x0, 0x0, 0xef, 0xff, 0x70,
    0x8f, 0xff, 0x93, 0x0, 0x4c, 0xff, 0xfb, 0x0,
    0x6f, 0xff, 0xff, 0xff, 0xff, 0xff, 0x80, 0x0,
    0x0, 0x59, 0xce, 0xff, 0xeb, 0x71, 0x0, 0x0,

    /* U+0054 "T" */
    0xaf, 0xff, 0xff, 0xff, 0xff, 0xff, 0xff, 0xff,
    0xff, 0x5a, 0xff, 0xff, 0xff, 0xff, 0xff, 0xff,
    0xff, 0xff, 0xf5, 0xaf, 0xfe, 0x85, 0x7f, 0xff,
    0xff, 0x56, 0x8e, 0xff, 0x5a, 0xf9, 0x0, 0x3,
    0xff, 0xff, 0xe0, 0x0, 0x1c, 0xf5, 0xab, 0x0,
    0x0, 0x3f, 0xff, 0xfe, 0x0, 0x0, 0x1f, 0x5a,
    0x20, 0x0, 0x3, 0xff, 0xff, 0xe0, 0x0, 0x0,
    0x75, 0x60, 0x0, 0x0, 0x3f, 0xff, 0xfe, 0x0,
    0x0, 0x1, 0x51, 0x0, 0x0, 0x3, 0xff, 0xff,
    0xe0, 0x0, 0x0, 0x1, 0x0, 0x0, 0x0, 0x3f,
    0xff, 0xfe, 0x0, 0x0, 0x0, 0x0, 0x0, 0x0,
    0x3, 0xff, 0xff, 0xe0, 0x0, 0x0, 0x0, 0x0,
    0x0, 0x0, 0x3f, 0xff, 0xfe, 0x0, 0x0, 0x0,
    0x0, 0x0, 0x0, 0x3, 0xff, 0xff, 0xe0, 0x0,
    0x0, 0x0, 0x0, 0x0, 0x0, 0x3f, 0xff, 0xfe,
    0x0, 0x0, 0x0, 0x0, 0x0, 0x0, 0x3, 0xff,
    0xff, 0xe0, 0x0, 0x0, 0x0, 0x0, 0x0, 0x0,
    0x3f, 0xff, 0xfe, 0x0, 0x0, 0x0, 0x0, 0x0,
    0x0, 0x3, 0xff, 0xff, 0xe0, 0x0, 0x0, 0x0,
    0x0, 0x0, 0x0, 0x3f, 0xff, 0xfe, 0x0, 0x0,
    0x0, 0x0, 0x0, 0x0, 0x3, 0xff, 0xff, 0xe0,
    0x0, 0x0, 0x0, 0x0, 0x0, 0x0, 0x3f, 0xff,
    0xfe, 0x0, 0x0, 0x0, 0x0, 0x0, 0x0, 0x3,
    0xff, 0xff, 0xf0, 0x0, 0x0, 0x0, 0x0, 0x0,
    0x0, 0x3f, 0xff, 0xff, 0x10, 0x0, 0x0, 0x0,
    0x0, 0x0, 0x3, 0xff, 0xff, 0xf8, 0x0, 0x0,
    0x0, 0x0, 0x0, 0x5b, 0xff, 0xff, 0xff, 0xf8,
    0x10, 0x0, 0x0,

    /* U+0055 "U" */
    0x3c, 0xff, 0xff, 0xf2, 0x0, 0x0, 0x4, 0xdf,
    0xff, 0xe7, 0x0, 0xf, 0xff, 0xff, 0x20, 0x0,
    0x0, 0x2, 0xff, 0xf3, 0x0, 0x0, 0xff, 0xff,
    0xf2, 0x0, 0x0, 0x0, 0xd, 0xff, 0x30, 0x0,
    0xf, 0xff, 0xff, 0x20, 0x0, 0x0, 0x0, 0xbf,
    0xf3, 0x0, 0x0, 0xff, 0xff, 0xf2, 0x0, 0x0,
    0x0, 0xb, 0xff, 0x30, 0x0, 0xf, 0xff, 0xff,
    0x20, 0x0, 0x0, 0x0, 0xbf, 0xf3, 0x0, 0x0,
    0xff, 0xff, 0xf2, 0x0, 0x0, 0x0, 0xb, 0xff,
    0x30, 0x0, 0xf, 0xff, 0xff, 0x20, 0x0, 0x0,
    0x0, 0xbf, 0xf3, 0x0, 0x0, 0xff, 0xff, 0xf2,
    0x0, 0x0, 0x0, 0xb, 0xff, 0x30, 0x0, 0xf,
    0xff, 0xff, 0x20, 0x0, 0x0, 0x0, 0xbf, 0xf3,
    0x0, 0x0, 0xff, 0xff, 0xf2, 0x0, 0x0, 0x0,
    0xb, 0xff, 0x30, 0x0, 0xf, 0xff, 0xff, 0x20,
    0x0, 0x0, 0x0, 0xbf, 0xf3, 0x0, 0x0, 0xff,
    0xff, 0xf2, 0x0, 0x0, 0x0, 0xb, 0xff, 0x30,
    0x0, 0xf, 0xff, 0xff, 0x20, 0x0, 0x0, 0x0,
    0xbf, 0xf3, 0x0, 0x0, 0xff, 0xff, 0xf2, 0x0,
    0x0, 0x0, 0xb, 0xff, 0x30, 0x0, 0xe, 0xff,
    0xff, 0x20, 0x0, 0x0, 0x0, 0xbf, 0xf2, 0x0,
    0x0, 0xdf, 0xff, 0xf3, 0x0, 0x0, 0x0, 0xc,
    0xff, 0x10, 0x0, 0xa, 0xff, 0xff, 0x50, 0x0,
    0x0, 0x0, 0xef, 0xf0, 0x0, 0x0, 0x6f, 0xff,
    0xfa, 0x0, 0x0, 0x0, 0x4f, 0xfa, 0x0, 0x0,
    0x0, 0xef, 0xff, 0xf6, 0x0, 0x0, 0x2e, 0xff,
    0x40, 0x0, 0x0, 0x4, 0xff, 0xff, 0xfc, 0x88,
    0xaf, 0xff, 0x90, 0x0, 0x0, 0x0, 0x4, 0xef,
    0xff, 0xff, 0xff, 0xff, 0x80, 0x0, 0x0, 0x0,
    0x0, 0x0, 0x6b, 0xdf, 0xfe, 0xc8, 0x20, 0x0,
    0x0, 0x0,

    /* U+0056 "V" */
    0x7, 0xff, 0xff, 0xf9, 0x0, 0x0, 0x0, 0x18,
    0xff, 0xff, 0xd4, 0x0, 0x3f, 0xff, 0xfe, 0x0,
    0x0, 0x0, 0x0, 0xcf, 0xfb, 0x0, 0x0, 0xd,
    0xff, 0xff, 0x40, 0x0, 0x0, 0x0, 0xaf, 0xf5,
    0x0, 0x0, 0x7, 0xff, 0xff, 0x90, 0x0, 0x0,
    0x0, 0xdf, 0xf0, 0x0, 0x0, 0x2, 0xff, 0xff,
    0xe0, 0x0, 0x0, 0x2, 0xff, 0xa0, 0x0, 0x0,
    0x0, 0xcf, 0xff, 0xf4, 0x0, 0x0, 0x8, 0xff,
    0x50, 0x0, 0x0, 0x0, 0x7f, 0xff, 0xfa, 0x0,
    0x0, 0xd, 0xff, 0x0, 0x0, 0x0, 0x0, 0x1f,
    0xff, 0xff, 0x0, 0x0, 0x3f, 0xfa, 0x0, 0x0,
    0x0, 0x0, 0xc, 0xff, 0xff, 0x50, 0x0, 0x8f,
    0xf4, 0x0, 0x0, 0x0, 0x0, 0x6, 0xff, 0xff,
    0xb0, 0x0, 0xef, 0xe0, 0x0, 0x0, 0x0, 0x0,
    0x1, 0xff, 0xff, 0xf1, 0x3, 0xff, 0x90, 0x0,
    0x0, 0x0, 0x0, 0x0, 0xbf, 0xff, 0xf6, 0x9,
    0xff, 0x40, 0x0, 0x0, 0x0, 0x0, 0x0, 0x5f,
    0xff, 0xfb, 0xe, 0xfe, 0x0, 0x0, 0x0, 0x0,
    0x0, 0x0, 0xf, 0xff, 0xff, 0x5f, 0xf9, 0x0,
    0x0, 0x0, 0x0, 0x0, 0x0, 0xa, 0xff, 0xff,
    0xef, 0xf3, 0x0, 0x0, 0x0, 0x0, 0x0, 0x0,
    0x5, 0xff, 0xff, 0xff, 0xe0, 0x0, 0x0, 0x0,
    0x0, 0x0, 0x0, 0x0, 0xff, 0xff, 0xff, 0x80,
    0x0, 0x0, 0x0, 0x0, 0x0, 0x0, 0x0, 0xaf,
    0xff, 0xff, 0x30, 0x0, 0x0, 0x0, 0x0, 0x0,
    0x0, 0x0, 0x4f, 0xff, 0xfd, 0x0, 0x0, 0x0,
    0x0, 0x0, 0x0, 0x0, 0x0, 0xe, 0xff, 0xf8,
    0x0, 0x0, 0x0, 0x0, 0x0, 0x0, 0x0, 0x0,
    0x9, 0xff, 0xf2, 0x0, 0x0, 0x0, 0x0, 0x0,
    0x0, 0x0, 0x0, 0x4, 0xff, 0xd0, 0x0, 0x0,
    0x0, 0x0, 0x0, 0x0, 0x0, 0x0, 0x0, 0xef,
    0x80, 0x0, 0x0, 0x0, 0x0, 0x0, 0x0, 0x0,
    0x0, 0x0, 0x9f, 0x20, 0x0, 0x0, 0x0, 0x0,
    0x0, 0x0, 0x0, 0x0, 0x0, 0x3d, 0x0, 0x0,
    0x0, 0x0, 0x0, 0x0, 0x0, 0x0, 0x0, 0x0,
    0x5, 0x0, 0x0, 0x0, 0x0, 0x0,

    /* U+0057 "W" */
    0x0, 0x0, 0x0, 0x0, 0x0, 0x0, 0x0, 0x0,
    0x4, 0x0, 0x0, 0x0, 0x0, 0x0, 0x0, 0x0,
    0x7, 0xff, 0xff, 0xf7, 0x0, 0x0, 0x0, 0x0,
    0x1e, 0x0, 0x0, 0x0, 0x18, 0xff, 0xff, 0xe6,
    0x0, 0x4f, 0xff, 0xfc, 0x0, 0x0, 0x0, 0x0,
    0x6f, 0x40, 0x0, 0x0, 0x0, 0xcf, 0xfe, 0x0,
    0x0, 0xd, 0xff, 0xff, 0x20, 0x0, 0x0, 0x0,
    0xcf, 0x90, 0x0, 0x0, 0x0, 0x9f, 0xf8, 0x0,
    0x0, 0x8, 0xff, 0xff, 0x80, 0x0, 0x0, 0x2,
    0xff, 0xe0, 0x0, 0x0, 0x0, 0xbf, 0xf2, 0x0,
    0x0, 0x2, 0xff, 0xff, 0xd0, 0x0, 0x0, 0x7,
    0xff, 0xf4, 0x0, 0x0, 0x1, 0xff, 0xc0, 0x0,
    0x0, 0x0, 0xcf, 0xff, 0xf3, 0x0, 0x0, 0xd,
    0xff, 0xfa, 0x0, 0x0, 0x6, 0xff, 0x60, 0x0,
    0x0, 0x0, 0x6f, 0xff, 0xf9, 0x0, 0x0, 0x2f,
    0xff, 0xff, 0x0, 0x0, 0xc, 0xff, 0x10, 0x0,
    0x0, 0x0, 0x1f, 0xff, 0xfe, 0x0, 0x0, 0x8f,
    0xff, 0xff, 0x50, 0x0, 0x2f, 0xfa, 0x0, 0x0,
    0x0, 0x0, 0xb, 0xff, 0xff, 0x40, 0x0, 0xef,
    0xff, 0xff, 0xa0, 0x0, 0x7f, 0xf5, 0x0, 0x0,
    0x0, 0x0, 0x5, 0xff, 0xff, 0xa0, 0x3, 0xff,
    0xff, 0xff, 0xf0, 0x0, 0xdf, 0xe0, 0x0, 0x0,
    0x0, 0x0, 0x0, 0xef, 0xff, 0xf0, 0x9, 0xff,
    0xbf, 0xff, 0xf6, 0x3, 0xff, 0x90, 0x0, 0x0,
    0x0, 0x0, 0x0, 0x9f, 0xff, 0xf5, 0xe, 0xfc,
    0x2f, 0xff, 0xfb, 0x9, 0xff, 0x30, 0x0, 0x0,
    0x0, 0x0, 0x0, 0x3f, 0xff, 0xfb, 0x4f, 0xf7,
    0xd, 0xff, 0xff, 0x1e, 0xfd, 0x0, 0x0, 0x0,
    0x0, 0x0, 0x0, 0xd, 0xff, 0xff, 0xbf, 0xf1,
    0x7, 0xff, 0xff, 0xbf, 0xf7, 0x0, 0x0, 0x0,
    0x0, 0x0, 0x0, 0x8, 0xff, 0xff, 0xff, 0xb0,
    0x2, 0xff, 0xff, 0xff, 0xf1, 0x0, 0x0, 0x0,
    0x0, 0x0, 0x0, 0x2, 0xff, 0xff, 0xff, 0x60,
    0x0, 0xcf, 0xff, 0xff, 0xc0, 0x0, 0x0, 0x0,
    0x0, 0x0, 0x0, 0x0, 0xcf, 0xff, 0xff, 0x10,
    0x0, 0x7f, 0xff, 0xff, 0x60, 0x0, 0x0, 0x0,
    0x0, 0x0, 0x0, 0x0, 0x6f, 0xff, 0xfb, 0x0,
    0x0, 0x1f, 0xff, 0xff, 0x0, 0x0, 0x0, 0x0,
    0x0, 0x0, 0x0, 0x0, 0x1f, 0xff, 0xf5, 0x0,
    0x0, 0xb, 0xff, 0xfa, 0x0, 0x0, 0x0, 0x0,
    0x0, 0x0, 0x0, 0x0, 0xa, 0xff, 0xf0, 0x0,
    0x0, 0x6, 0xff, 0xf4, 0x0, 0x0, 0x0, 0x0,
    0x0, 0x0, 0x0, 0x0, 0x5, 0xff, 0xa0, 0x0,
    0x0, 0x1, 0xff, 0xe0, 0x0, 0x0, 0x0, 0x0,
    0x0, 0x0, 0x0, 0x0, 0x0, 0xef, 0x40, 0x0,
    0x0, 0x0, 0xbf, 0x80, 0x0, 0x0, 0x0, 0x0,
    0x0, 0x0, 0x0, 0x0, 0x0, 0x9e, 0x0, 0x0,
    0x0, 0x0, 0x5f, 0x20, 0x0, 0x0, 0x0, 0x0,
    0x0, 0x0, 0x0, 0x0, 0x0, 0x39, 0x0, 0x0,
    0x0, 0x0, 0xc, 0x0, 0x0, 0x0, 0x0, 0x0,
    0x0, 0x0, 0x0, 0x0, 0x0, 0x2, 0x0, 0x0,
    0x0, 0x0, 0x2, 0x0, 0x0, 0x0, 0x0, 0x0,

    /* U+0058 "X" */
    0x2c, 0xff, 0xff, 0xf7, 0x0, 0x0, 0x0, 0x2d,
    0xff, 0xff, 0xc3, 0x0, 0xc, 0xff, 0xff, 0xf1,
    0x0, 0x0, 0x0, 0x7f, 0xff, 0x90, 0x0, 0x0,
    0x2f, 0xff, 0xff, 0xa0, 0x0, 0x0, 0xa, 0xff,
    0xd0, 0x0, 0x0, 0x0, 0x8f, 0xff, 0xff, 0x40,
    0x0, 0x3, 0xff, 0xf2, 0x0, 0x0, 0x0, 0x0,
    0xef, 0xff, 0xfd, 0x0, 0x0, 0xdf, 0xf6, 0x0,
    0x0, 0x0, 0x0, 0x5, 0xff, 0xff, 0xf8, 0x0,
    0x9f, 0xfb, 0x0, 0x0, 0x0, 0x0, 0x0, 0xc,
    0xff, 0xff, 0xf2, 0x4f, 0xfe, 0x10, 0x0, 0x0,
    0x0, 0x0, 0x0, 0x2f, 0xff, 0xff, 0xce, 0xff,
    0x40, 0x0, 0x0, 0x0, 0x0, 0x0, 0x0, 0x8f,
    0xff, 0xff, 0xff, 0x80, 0x0, 0x0, 0x0, 0x0,
    0x0, 0x0, 0x0, 0xef, 0xff, 0xff, 0xc0, 0x0,
    0x0, 0x0, 0x0, 0x0, 0x0, 0x0, 0x5, 0xff,
    0xff, 0xf8, 0x0, 0x0, 0x0, 0x0, 0x0, 0x0,
    0x0, 0x0, 0xb, 0xff, 0xff, 0xf2, 0x0, 0x0,
    0x0, 0x0, 0x0, 0x0, 0x0, 0x0, 0x9f, 0xff,
    0xff, 0xb0, 0x0, 0x0, 0x0, 0x0, 0x0, 0x0,
    0x0, 0x4f, 0xff, 0xff, 0xff, 0x50, 0x0, 0x0,
    0x0, 0x0, 0x0, 0x0, 0x1e, 0xff, 0xef, 0xff,
    0xfe, 0x0, 0x0, 0x0, 0x0, 0x0, 0x0, 0xa,
    0xff, 0x85, 0xff, 0xff, 0xf9, 0x0, 0x0, 0x0,
    0x0, 0x0, 0x6, 0xff, 0xd0, 0xb, 0xff, 0xff,
    0xf2, 0x0, 0x0, 0x0, 0x0, 0x2, 0xff, 0xf2,
    0x0, 0x2f, 0xff, 0xff, 0xc0, 0x0, 0x0, 0x0,
    0x0, 0xcf, 0xf6, 0x0, 0x0, 0x7f, 0xff, 0xff,
    0x60, 0x0, 0x0, 0x0, 0x8f, 0xfb, 0x0, 0x0,
    0x0, 0xdf, 0xff, 0xfe, 0x10, 0x0, 0x0, 0x3f,
    0xff, 0x40, 0x0, 0x0, 0x4, 0xff, 0xff, 0xf9,
    0x0, 0x0, 0x1e, 0xff, 0xf1, 0x0, 0x0, 0x0,
    0xa, 0xff, 0xff, 0xf3, 0x0, 0x6e, 0xff, 0xff,
    0x80, 0x0, 0x0, 0x0, 0x1f, 0xff, 0xff, 0xc0,
    0x0, 0x0, 0x0, 0x0, 0x0, 0x0, 0x0, 0x0,
    0x1, 0x37, 0xbf, 0x60, 0x0, 0x0, 0x0, 0x0,
    0x0, 0x0, 0x0, 0x0, 0x0, 0x0, 0x18, 0x10,
    0x0, 0x0, 0x0, 0x0, 0x0, 0x0, 0x0, 0x0,
    0x0, 0x0, 0x0,

    /* U+0059 "Y" */
    0x6, 0xdf, 0xff, 0xfd, 0x0, 0x0, 0x0, 0x18,
    0xff, 0xff, 0xb3, 0x0, 0xe, 0xff, 0xff, 0x50,
    0x0, 0x0, 0x0, 0xff, 0xf7, 0x0, 0x0, 0x7,
    0xff, 0xff, 0xd0, 0x0, 0x0, 0x0, 0xff, 0xe0,
    0x0, 0x0, 0x0, 0xef, 0xff, 0xf5, 0x0, 0x0,
    0x6, 0xff, 0x60, 0x0, 0x0, 0x0, 0x7f, 0xff,
    0xfd, 0x0, 0x0, 0xd, 0xfe, 0x0, 0x0, 0x0,
    0x0, 0xe, 0xff, 0xff, 0x50, 0x0, 0x6f, 0xf6,
    0x0, 0x0, 0x0, 0x0, 0x7, 0xff, 0xff, 0xd0,
    0x0, 0xdf, 0xd0, 0x0, 0x0, 0x0, 0x0, 0x0,
    0xef, 0xff, 0xf5, 0x6, 0xff, 0x50, 0x0, 0x0,
    0x0, 0x0, 0x0, 0x7f, 0xff, 0xfd, 0xe, 0xfd,
    0x0, 0x0, 0x0, 0x0, 0x0, 0x0, 0xe, 0xff,
    0xff, 0xcf, 0xf5, 0x0, 0x0, 0x0, 0x0, 0x0,
    0x0, 0x7, 0xff, 0xff, 0xff, 0xc0, 0x0, 0x0,
    0x0, 0x0, 0x0, 0x0, 0x0, 0xef, 0xff, 0xff,
    0x40, 0x0, 0x0, 0x0, 0x0, 0x0, 0x0, 0x0,
    0x7f, 0xff, 0xfd, 0x0, 0x0, 0x0, 0x0, 0x0,
    0x0, 0x0, 0x0, 0x4f, 0xff, 0xfd, 0x0, 0x0,
    0x0, 0x0, 0x0, 0x0, 0x0, 0x0, 0x4f, 0xff,
    0xfd, 0x0, 0x0, 0x0, 0x0, 0x0, 0x0, 0x0,
    0x0, 0x4f, 0xff, 0xfd, 0x0, 0x0, 0x0, 0x0,
    0x0, 0x0, 0x0, 0x0, 0x4f, 0xff, 0xfd, 0x0,
    0x0, 0x0, 0x0, 0x0, 0x0, 0x0, 0x0, 0x4f,
    0xff, 0xfd, 0x0, 0x0, 0x0, 0x0, 0x0, 0x0,
    0x0, 0x0, 0x4f, 0xff, 0xfd, 0x0, 0x0, 0x0,
    0x0, 0x0, 0x0, 0x0, 0x0, 0x4f, 0xff, 0xfd,
    0x0, 0x0, 0x0, 0x0, 0x0, 0x0, 0x0, 0x0,
    0x4f, 0xff, 0xff, 0x0, 0x0, 0x0, 0x0, 0x0,
    0x0, 0x0, 0x0, 0x5f, 0xff, 0xff, 0x70, 0x0,
    0x0, 0x0, 0x0, 0x0, 0x0, 0x5b, 0xff, 0xff,
    0xff, 0xf8, 0x10, 0x0, 0x0,

    /* U+005A "Z" */
    0x3, 0xff, 0xff, 0xff, 0xff, 0xff, 0xff, 0xff,
    0xc0, 0x3f, 0xff, 0xff, 0xff, 0xff, 0xff, 0xff,
    0xf5, 0x3, 0xff, 0xfa, 0x65, 0x55, 0x9f, 0xff,
    0xfd, 0x0, 0x3f, 0xd2, 0x0, 0x0, 0xd, 0xff,
    0xff, 0x50, 0x3, 0xf2, 0x0, 0x0, 0x5, 0xff,
    0xff, 0xd0, 0x0, 0x39, 0x0, 0x0, 0x0, 0xcf,
    0xff, 0xf5, 0x0, 0x3, 0x30, 0x0, 0x0, 0x4f,
    0xff, 0xfd, 0x0, 0x0, 0x10, 0x0, 0x0, 0xc,
    0xff, 0xff, 0x60, 0x0, 0x0, 0x0, 0x0, 0x4,
    0xff, 0xff, 0xe0, 0x0, 0x0, 0x0, 0x0, 0x0,
    0xbf, 0xff, 0xf6, 0x0, 0x0, 0x0, 0x0, 0x0,
    0x3f, 0xff, 0xfe, 0x0, 0x0, 0x0, 0x0, 0x0,
    0xb, 0xff, 0xff, 0x70, 0x0, 0x0, 0x0, 0x0,
    0x3, 0xff, 0xff, 0xe0, 0x0, 0x0, 0x0, 0x0,
    0x0, 0xaf, 0xff, 0xf7, 0x0, 0x0, 0x0, 0x0,
    0x0, 0x2f, 0xff, 0xfe, 0x0, 0x0, 0x0, 0x0,
    0x0, 0xa, 0xff, 0xff, 0x70, 0x0, 0x0, 0x1,
    0x0, 0x2, 0xff, 0xff, 0xf1, 0x0, 0x0, 0x1,
    0x50, 0x0, 0xaf, 0xff, 0xf8, 0x0, 0x0, 0x0,
    0x66, 0x0, 0x2f, 0xff, 0xff, 0x10, 0x0, 0x0,
    0x1e, 0x60, 0x9, 0xff, 0xff, 0x80, 0x0, 0x0,
    0x1c, 0xf6, 0x1, 0xff, 0xff, 0xf6, 0x55, 0x56,
    0x9e, 0xff, 0x60, 0x9f, 0xff, 0xff, 0xff, 0xff,
    0xff, 0xff, 0xf6, 0x1f, 0xff, 0xff, 0xff, 0xff,
    0xff, 0xff, 0xff, 0x60,

    /* U+005B "[" */
    0x2f, 0xff, 0xff, 0xff, 0xe6, 0x2f, 0xff, 0xfe,
    0xda, 0x10, 0x2f, 0xff, 0xf4, 0x0, 0x0, 0x2f,
    0xff, 0xf4, 0x0, 0x0, 0x2f, 0xff, 0xf4, 0x0,
    0x0, 0x2f, 0xff, 0xf4, 0x0, 0x0, 0x2f, 0xff,
    0xf4, 0x0, 0x0, 0x2f, 0xff, 0xf4, 0x0, 0x0,
    0x2f, 0xff, 0xf4, 0x0, 0x0, 0x2f, 0xff, 0xf4,
    0x0, 0x0, 0x2f, 0xff, 0xf4, 0x0, 0x0, 0x2f,
    0xff, 0xf4, 0x0, 0x0, 0x2f, 0xff, 0xf4, 0x0,
    0x0, 0x2f, 0xff, 0xf4, 0x0, 0x0, 0x2f, 0xff,
    0xf4, 0x0, 0x0, 0x2f, 0xff, 0xf4, 0x0, 0x0,
    0x2f, 0xff, 0xf4, 0x0, 0x0, 0x2f, 0xff, 0xf4,
    0x0, 0x0, 0x2f, 0xff, 0xf4, 0x0, 0x0, 0x2f,
    0xff, 0xf4, 0x0, 0x0, 0x2f, 0xff, 0xf4, 0x0,
    0x0, 0x2f, 0xff, 0xf4, 0x0, 0x0, 0x2f, 0xff,
    0xf4, 0x0, 0x0, 0x2f, 0xff, 0xf4, 0x0, 0x0,
    0x2f, 0xff, 0xf4, 0x0, 0x0, 0x2f, 0xff, 0xf4,
    0x0, 0x0, 0x2f, 0xff, 0xf4, 0x0, 0x0, 0x2f,
    0xff, 0xf4, 0x0, 0x0, 0x2f, 0xff, 0xf4, 0x0,
    0x0, 0x2f, 0xff, 0xf4, 0x0, 0x0, 0x2f, 0xff,
    0xfd, 0xc8, 0x0, 0x2f, 0xff, 0xff, 0xff, 0xe4,

    /* U+005C "\\" */
    0x8f, 0xf9, 0x0, 0x0, 0x0, 0x0, 0x2, 0xff,
    0xe0, 0x0, 0x0, 0x0, 0x0, 0xc, 0xff, 0x40,
    0x0, 0x0, 0x0, 0x0, 0x7f, 0xfa, 0x0, 0x0,
    0x0, 0x0, 0x1, 0xff, 0xf0, 0x0, 0x0, 0x0,
    0x0, 0xb, 0xff, 0x50, 0x0, 0x0, 0x0, 0x0,
    0x6f, 0xfb, 0x0, 0x0, 0x0, 0x0, 0x1, 0xff,
    0xf1, 0x0, 0x0, 0x0, 0x0, 0xb, 0xff, 0x60,
    0x0, 0x0, 0x0, 0x0, 0x5f, 0xfc, 0x0, 0x0,
    0x0, 0x0, 0x0, 0xff, 0xf1, 0x0, 0x0, 0x0,
    0x0, 0xa, 0xff, 0x70, 0x0, 0x0, 0x0, 0x0,
    0x4f, 0xfd, 0x0, 0x0, 0x0, 0x0, 0x0, 0xef,
    0xf2, 0x0, 0x0, 0x0, 0x0, 0x9, 0xff, 0x80,
    0x0, 0x0, 0x0, 0x0, 0x3f, 0xfd, 0x0, 0x0,
    0x0, 0x0, 0x0, 0xef, 0xf3, 0x0, 0x0, 0x0,
    0x0, 0x8, 0xff, 0x90, 0x0, 0x0, 0x0, 0x0,
    0x2f, 0xfe, 0x0, 0x0, 0x0, 0x0, 0x0, 0xdf,
    0xf4, 0x0, 0x0, 0x0, 0x0, 0x7, 0xff, 0x90,
    0x0, 0x0, 0x0, 0x0, 0x2f, 0xfe, 0x0, 0x0,
    0x0, 0x0, 0x0, 0xcf, 0xf5, 0x0, 0x0, 0x0,
    0x0, 0x6, 0xff, 0xa0, 0x0, 0x0, 0x0, 0x0,
    0x1f, 0xff, 0x0, 0x0, 0x0, 0x0, 0x0, 0xbf,
    0xf5, 0x0, 0x0, 0x0, 0x0, 0x3, 0x88, 0x50,

    /* U+005D "]" */
    0x6, 0xff, 0xff, 0xff, 0xfe, 0x0, 0x1a, 0xce,
    0xff, 0xfe, 0x0, 0x0, 0x7, 0xff, 0xfe, 0x0,
    0x0, 0x7, 0xff, 0xfe, 0x0, 0x0, 0x7, 0xff,
    0xfe, 0x0, 0x0, 0x7, 0xff, 0xfe, 0x0, 0x0,
    0x7, 0xff, 0xfe, 0x0, 0x0, 0x7, 0xff, 0xfe,
    0x0, 0x0, 0x7, 0xff, 0xfe, 0x0, 0x0, 0x7,
    0xff, 0xfe, 0x0, 0x0, 0x7, 0xff, 0xfe, 0x0,
    0x0, 0x7, 0xff, 0xfe, 0x0, 0x0, 0x7, 0xff,
    0xfe, 0x0, 0x0, 0x7, 0xff, 0xfe, 0x0, 0x0,
    0x7, 0xff, 0xfe, 0x0, 0x0, 0x7, 0xff, 0xfe,
    0x0, 0x0, 0x7, 0xff, 0xfe, 0x0, 0x0, 0x7,
    0xff, 0xfe, 0x0, 0x0, 0x7, 0xff, 0xfe, 0x0,
    0x0, 0x7, 0xff, 0xfe, 0x0, 0x0, 0x7, 0xff,
    0xfe, 0x0, 0x0, 0x7, 0xff, 0xfe, 0x0, 0x0,
    0x7, 0xff, 0xfe, 0x0, 0x0, 0x7, 0xff, 0xfe,
    0x0, 0x0, 0x7, 0xff, 0xfe, 0x0, 0x0, 0x7,
    0xff, 0xfe, 0x0, 0x0, 0x7, 0xff, 0xfe, 0x0,
    0x0, 0x7, 0xff, 0xfe, 0x0, 0x0, 0x7, 0xff,
    0xfe, 0x0, 0x0, 0x7, 0xff, 0xfe, 0x0, 0x2b,
    0xde, 0xff, 0xfe, 0x8, 0xff, 0xff, 0xff, 0xfe,

    /* U+005E "^" */
    0x0, 0x0, 0x0, 0xd, 0xfe, 0x0, 0x0, 0x0,
    0x0, 0x0, 0x0, 0x3, 0xff, 0xf4, 0x0, 0x0,
    0x0, 0x0, 0x0, 0x0, 0xaf, 0xff, 0xb0, 0x0,
    0x0, 0x0, 0x0, 0x0, 0x2f, 0xff, 0xff, 0x30,
    0x0, 0x0, 0x0, 0x0, 0xa, 0xff, 0xff, 0xfc,
    0x0, 0x0, 0x0, 0x0, 0x3, 0xff, 0xfa, 0xff,
    0xf5, 0x0, 0x0, 0x0, 0x0, 0xcf, 0xf4, 0x3,
    0xef, 0xd0, 0x0, 0x0, 0x0, 0x6f, 0xd2, 0x0,
    0x1, 0xcf, 0x70, 0x0, 0x0, 0x1e, 0xa0, 0x0,
    0x0, 0x0, 0x9f, 0x20, 0x0, 0xa, 0x70, 0x0,
    0x0, 0x0, 0x0, 0x6b, 0x0, 0x5, 0x40, 0x0,
    0x0, 0x0, 0x0, 0x0, 0x36, 0x0, 0x10, 0x0,
    0x0, 0x0, 0x0, 0x0, 0x0, 0x10,

    /* U+005F "_" */
    0x8f, 0xff, 0xff, 0xff, 0xff, 0xff, 0xff, 0xff,
    0xff, 0x88, 0xff, 0xff, 0xff, 0xff, 0xff, 0xff,
    0xff, 0xff, 0xf8,

    /* U+0060 "`" */
    0x6, 0xef, 0xff, 0xfa, 0x0, 0x0, 0x0, 0x7f,
    0xff, 0xf1, 0x0, 0x0, 0x0, 0x18, 0xff, 0x90,
    0x0, 0x0, 0x0, 0x1, 0xaf, 0x40, 0x0, 0x0,
    0x0, 0x0, 0x29, 0x20, 0x0, 0x0, 0x0, 0x0,
    0x1,

    /* U+0061 "a" */
    0x0, 0x0, 0x39, 0xde, 0xff, 0xd9, 0x30, 0x0,
    0x0, 0x0, 0x1a, 0xff, 0xfe, 0xff, 0xff, 0xf8,
    0x0, 0x0, 0x1, 0xdf, 0xff, 0x50, 0x9, 0xff,
    0xff, 0x50, 0x0, 0x5, 0xff, 0xfc, 0x0, 0x0,
    0xff, 0xff, 0xc0, 0x0, 0x0, 0x1a, 0xfa, 0x0,
    0x0, 0xdf, 0xff, 0xf0, 0x0, 0x0, 0x0, 0x38,
    0x0, 0x0, 0xcf, 0xff, 0xf1, 0x0, 0x0, 0x0,
    0x0, 0x0, 0x0, 0xcf, 0xff, 0xf2, 0x0, 0x0,
    0x0, 0x16, 0xac, 0xef, 0xff, 0xff, 0xf2, 0x0,
    0x0, 0x9, 0xff, 0xff, 0xfe, 0xff, 0xff, 0xf2,
    0x0, 0x0, 0xdf, 0xff, 0xd4, 0x0, 0xcf, 0xff,
    0xf2, 0x0, 0x9, 0xff, 0xff, 0x10, 0x0, 0xcf,
    0xff, 0xf2, 0x0, 0xf, 0xff, 0xfb, 0x0, 0x0,
    0xcf, 0xff, 0xf2, 0x0, 0x1f, 0xff, 0xfa, 0x0,
    0x0, 0xcf, 0xff, 0xf2, 0x0, 0x1f, 0xff, 0xfd,
    0x0, 0x8, 0xff, 0xff, 0xf2, 0x0, 0xd, 0xff,
    0xff, 0xeb, 0xef, 0xff, 0xff, 0xf2, 0x0, 0x3,
    0xff, 0xff, 0xff, 0xf9, 0xcf, 0xff, 0xf4, 0x0,
    0x0, 0x2a, 0xef, 0xea, 0x40, 0xcf, 0xff, 0xff,
    0x60,

    /* U+0062 "b" */
    0x2b, 0xff, 0xff, 0xfa, 0x0, 0x0, 0x0, 0x0,
    0x0, 0x0, 0x0, 0xcf, 0xff, 0xfa, 0x0, 0x0,
    0x0, 0x0, 0x0, 0x0, 0x0, 0x7f, 0xff, 0xfa,
    0x0, 0x0, 0x0, 0x0, 0x0, 0x0, 0x0, 0x5f,
    0xff, 0xfa, 0x0, 0x0, 0x0, 0x0, 0x0, 0x0,
    0x0, 0x5f, 0xff, 0xfa, 0x0, 0x0, 0x0, 0x0,
    0x0, 0x0, 0x0, 0x5f, 0xff, 0xfa, 0x0, 0x0,
    0x0, 0x0, 0x0, 0x0, 0x0, 0x5f, 0xff, 0xfa,
    0x0, 0x0, 0x0, 0x0, 0x0, 0x0, 0x0, 0x5f,
    0xff, 0xfa, 0x0, 0x0, 0x0, 0x0, 0x0, 0x0,
    0x0, 0x5f, 0xff, 0xfa, 0x6c, 0xef, 0xea, 0x50,
    0x0, 0x0, 0x0, 0x5f, 0xff, 0xff, 0xfe, 0xdf,
    0xff, 0xfc, 0x10, 0x0, 0x0, 0x5f, 0xff, 0xfe,
    0x40, 0x1, 0xaf, 0xff, 0xe1, 0x0, 0x0, 0x5f,
    0xff, 0xfa, 0x0, 0x0, 0xe, 0xff, 0xfc, 0x0,
    0x0, 0x5f, 0xff, 0xfa, 0x0, 0x0, 0xa, 0xff,
    0xff, 0x40, 0x0, 0x5f, 0xff, 0xfa, 0x0, 0x0,
    0x6, 0xff, 0xff, 0xa0, 0x0, 0x5f, 0xff, 0xfa,
    0x0, 0x0, 0x5, 0xff, 0xff, 0xd0, 0x0, 0x5f,
    0xff, 0xfa, 0x0, 0x0, 0x4, 0xff, 0xff, 0xf0,
    0x0, 0x5f, 0xff, 0xfa, 0x0, 0x0, 0x3, 0xff,
    0xff, 0xf0, 0x0, 0x5f, 0xff, 0xfa, 0x0, 0x0,
    0x4, 0xff, 0xff, 0xf0, 0x0, 0x5f, 0xff, 0xfa,
    0x0, 0x0, 0x5, 0xff, 0xff, 0xe0, 0x0, 0x5f,
    0xff, 0xfa, 0x0, 0x0, 0x7, 0xff, 0xff, 0xa0,
    0x0, 0x5f, 0xff, 0xfa, 0x0, 0x0, 0xa, 0xff,
    0xff, 0x50, 0x0, 0x5f, 0xff, 0xfa, 0x0, 0x0,
    0x1f, 0xff, 0xfd, 0x0, 0x0, 0x5f, 0xff, 0xfe,
    0x40, 0x1, 0xbf, 0xff, 0xf2, 0x0, 0x0, 0x5f,
    0xfe, 0x7c, 0xff, 0xdf, 0xff, 0xfd, 0x20, 0x0,
    0x0, 0x5f, 0x80, 0x0, 0x6c, 0xff, 0xeb, 0x60,
    0x0, 0x0, 0x0, 0x11, 0x0, 0x0, 0x0, 0x0,
    0x0, 0x0, 0x0, 0x0,

    /* U+0063 "c" */
    0x0, 0x0, 0x17, 0xce, 0xfe, 0xc7, 0x10, 0x0,
    0x0, 0x7, 0xff, 0xff, 0xdf, 0xff, 0xf5, 0x0,
    0x0, 0x9f, 0xff, 0xd2, 0x1, 0xcf, 0xff, 0x50,
    0x7, 0xff, 0xff, 0x30, 0x0, 0x5f, 0xff, 0xd0,
    0x1f, 0xff, 0xfc, 0x0, 0x0, 0x3f, 0xfc, 0x20,
    0x6f, 0xff, 0xf8, 0x0, 0x0, 0x6e, 0x50, 0x0,
    0xbf, 0xff, 0xf6, 0x0, 0x0, 0x40, 0x0, 0x0,
    0xef, 0xff, 0xf5, 0x0, 0x0, 0x0, 0x0, 0x0,
    0xff, 0xff, 0xf4, 0x0, 0x0, 0x0, 0x0, 0x0,
    0xef, 0xff, 0xf5, 0x0, 0x0, 0x0, 0x0, 0x0,
    0xdf, 0xff, 0xf6, 0x0, 0x0, 0x0, 0x0, 0x0,
    0x9f, 0xff, 0xf9, 0x0, 0x0, 0x0, 0x0, 0x0,
    0x4f, 0xff, 0xfe, 0x0, 0x0, 0x0, 0x0, 0x0,
    0xc, 0xff, 0xff, 0x60, 0x0, 0x0, 0x9, 0x20,
    0x1, 0xef, 0xff, 0xf6, 0x10, 0x27, 0xef, 0x40,
    0x0, 0x1b, 0xff, 0xff, 0xff, 0xff, 0xe4, 0x0,
    0x0, 0x0, 0x39, 0xde, 0xfe, 0xb6, 0x0, 0x0,

    /* U+0064 "d" */
    0x0, 0x0, 0x0, 0x0, 0x4, 0xef, 0xff, 0xff,
    0x50, 0x0, 0x0, 0x0, 0x0, 0x1, 0xff, 0xff,
    0xf5, 0x0, 0x0, 0x0, 0x0, 0x0, 0xb, 0xff,
    0xff, 0x50, 0x0, 0x0, 0x0, 0x0, 0x0, 0x9f,
    0xff, 0xf5, 0x0, 0x0, 0x0, 0x0, 0x0, 0x9,
    0xff, 0xff, 0x50, 0x0, 0x0, 0x0, 0x0, 0x0,
    0x9f, 0xff, 0xf5, 0x0, 0x0, 0x0, 0x0, 0x0,
    0x9, 0xff, 0xff, 0x50, 0x0, 0x0, 0x0, 0x0,
    0x0, 0x9f, 0xff, 0xf5, 0x0, 0x0, 0x39, 0xdf,
    0xec, 0x69, 0xff, 0xff, 0x50, 0x0, 0xaf, 0xff,
    0xfd, 0xef, 0xff, 0xff, 0xf5, 0x0, 0xcf, 0xff,
    0xb1, 0x0, 0x4d, 0xff, 0xff, 0x50, 0x8f, 0xff,
    0xf1, 0x0, 0x0, 0x9f, 0xff, 0xf5, 0x1f, 0xff,
    0xfb, 0x0, 0x0, 0x9, 0xff, 0xff, 0x57, 0xff,
    0xff, 0x80, 0x0, 0x0, 0x9f, 0xff, 0xf5, 0xbf,
    0xff, 0xf6, 0x0, 0x0, 0x9, 0xff, 0xff, 0x5e,
    0xff, 0xff, 0x50, 0x0, 0x0, 0x9f, 0xff, 0xf5,
    0xff, 0xff, 0xf4, 0x0, 0x0, 0x9, 0xff, 0xff,
    0x5f, 0xff, 0xff, 0x50, 0x0, 0x0, 0x9f, 0xff,
    0xf5, 0xef, 0xff, 0xf5, 0x0, 0x0, 0x9, 0xff,
    0xff, 0x5b, 0xff, 0xff, 0x70, 0x0, 0x0, 0x9f,
    0xff, 0xf5, 0x6f, 0xff, 0xf9, 0x0, 0x0, 0x9,
    0xff, 0xff, 0x51, 0xff, 0xff, 0xe0, 0x0, 0x4,
    0xff, 0xff, 0xf5, 0x6, 0xff, 0xff, 0x90, 0x17,
    0xff, 0xff, 0xff, 0x50, 0x7, 0xff, 0xff, 0xff,
    0xfb, 0x16, 0xef, 0xf5, 0x0, 0x2, 0x9d, 0xff,
    0xc6, 0x0, 0x0, 0x7e, 0x50, 0x0, 0x0, 0x0,
    0x0, 0x0, 0x0, 0x0, 0x1,

    /* U+0065 "e" */
    0x0, 0x0, 0x17, 0xce, 0xfe, 0xc7, 0x0, 0x0,
    0x0, 0x7, 0xff, 0xff, 0xdf, 0xff, 0xe4, 0x0,
    0x0, 0x9f, 0xff, 0xc1, 0x0, 0x8f, 0xff, 0x30,
    0x7, 0xff, 0xff, 0x10, 0x0, 0xd, 0xff, 0xc0,
    0x1f, 0xff, 0xfa, 0x0, 0x0, 0x9, 0xff, 0xf3,
    0x6f, 0xff, 0xf7, 0x0, 0x0, 0xc, 0xff, 0xf6,
    0xbf, 0xff, 0xfc, 0xdd, 0xdd, 0xff, 0xff, 0xf7,
    0xef, 0xff, 0xf4, 0x6f, 0xff, 0xff, 0xff, 0xf7,
    0xff, 0xff, 0xf4, 0x0, 0x0, 0x0, 0x0, 0x0,
    0xef, 0xff, 0xf5, 0x0, 0x0, 0x0, 0x0, 0x0,
    0xdf, 0xff, 0xf7, 0x0, 0x0, 0x0, 0x0, 0x0,
    0x9f, 0xff, 0xfa, 0x0, 0x0, 0x0, 0x0, 0x0,
    0x4f, 0xff, 0xfe, 0x0, 0x0, 0x0, 0x0, 0x0,
    0xc, 0xff, 0xff, 0x70, 0x0, 0x0, 0x9, 0x40,
    0x1, 0xef, 0xff, 0xf7, 0x10, 0x26, 0xdf, 0x60,
    0x0, 0x1b, 0xff, 0xff, 0xff, 0xff, 0xf6, 0x0,
    0x0, 0x0, 0x39, 0xde, 0xfe, 0xc7, 0x10, 0x0,

    /* U+0066 "f" */
    0x0, 0x0, 0x0, 0x0, 0x27, 0xbd, 0xff, 0x10,
    0x0, 0x0, 0x2, 0xbf, 0xff, 0xff, 0xf0, 0x0,
    0x0, 0x3, 0xef, 0xfe, 0xbd, 0xfe, 0x0, 0x0,
    0x1, 0xef, 0xfd, 0x0, 0x9, 0xd0, 0x0, 0x0,
    0x9f, 0xff, 0x70, 0x0, 0x9, 0x0, 0x0, 0xe,
    0xff, 0xf5, 0x0, 0x0, 0x0, 0x0, 0x4, 0xff,
    0xff, 0x50, 0x0, 0x0, 0x0, 0x0, 0xbf, 0xff,
    0xf5, 0x0, 0x0, 0x0, 0x0, 0x7f, 0xff, 0xff,
    0xff, 0xff, 0xa1, 0x2, 0xbf, 0xff, 0xff, 0xff,
    0xff, 0x60, 0x0, 0x0, 0x9, 0xff, 0xff, 0x50,
    0x0, 0x0, 0x0, 0x0, 0x9f, 0xff, 0xf5, 0x0,
    0x0, 0x0, 0x0, 0x9, 0xff, 0xff, 0x50, 0x0,
    0x0, 0x0, 0x0, 0x9f, 0xff, 0xf5, 0x0, 0x0,
    0x0, 0x0, 0x9, 0xff, 0xff, 0x50, 0x0, 0x0,
    0x0, 0x0, 0x9f, 0xff, 0xf5, 0x0, 0x0, 0x0,
    0x0, 0x9, 0xff, 0xff, 0x50, 0x0, 0x0, 0x0,
    0x0, 0x9f, 0xff, 0xf5, 0x0, 0x0, 0x0, 0x0,
    0x9, 0xff, 0xff, 0x50, 0x0, 0x0, 0x0, 0x0,
    0x9f, 0xff, 0xf5, 0x0, 0x0, 0x0, 0x0, 0x9,
    0xff, 0xff, 0x50, 0x0, 0x0, 0x0, 0x0, 0x9f,
    0xff, 0xf6, 0x0, 0x0, 0x0, 0x0, 0x9, 0xff,
    0xff, 0x80, 0x0, 0x0, 0x0, 0x0, 0xaf, 0xff,
    0xfe, 0x10, 0x0, 0x0, 0x1, 0xbf, 0xff, 0xff,
    0xfc, 0x40, 0x0, 0x0,

    /* U+0067 "g" */
    0x0, 0x0, 0x5a, 0xdf, 0xff, 0xff, 0xff, 0xfe,
    0x40, 0x3, 0xdf, 0xff, 0xed, 0xff, 0xff, 0xfe,
    0x10, 0x2, 0xff, 0xff, 0xa0, 0x4, 0xff, 0xff,
    0xb0, 0x0, 0xbf, 0xff, 0xf1, 0x0, 0x9, 0xff,
    0xff, 0x30, 0xf, 0xff, 0xfe, 0x0, 0x0, 0x6f,
    0xff, 0xf8, 0x2, 0xff, 0xff, 0xd0, 0x0, 0x6,
    0xff, 0xff, 0x90, 0xf, 0xff, 0xff, 0x0, 0x0,
    0x7f, 0xff, 0xf7, 0x0, 0xaf, 0xff, 0xf3, 0x0,
    0xc, 0xff, 0xff, 0x20, 0x1, 0xef, 0xff, 0xd3,
    0x17, 0xff, 0xff, 0x70, 0x0, 0x1, 0x9f, 0xff,
    0xff, 0xff, 0xfe, 0x60, 0x0, 0x0, 0x0, 0x16,
    0xdf, 0xda, 0x85, 0x0, 0x0, 0x0, 0x0, 0x0,
    0xe, 0xf1, 0x0, 0x0, 0x0, 0x0, 0x0, 0x0,
    0x7, 0xff, 0xfe, 0xb7, 0x10, 0x0, 0x0, 0x0,
    0x0, 0xef, 0xff, 0xff, 0xff, 0x90, 0x0, 0x0,
    0x0, 0x7f, 0xff, 0xff, 0xff, 0xff, 0xd1, 0x0,
    0x0, 0x0, 0x13, 0x6b, 0xff, 0xff, 0xff, 0xa0,
    0x0, 0x0, 0x0, 0x0, 0x2, 0xdf, 0xff, 0xff,
    0x21, 0x99, 0x99, 0x94, 0x0, 0x1, 0xef, 0xff,
    0xf5, 0x1f, 0xff, 0xf7, 0x0, 0x0, 0x9, 0xff,
    0xff, 0x60, 0xdf, 0xff, 0x0, 0x0, 0x0, 0x8f,
    0xff, 0xf3, 0x7, 0xff, 0xf3, 0x0, 0x0, 0xd,
    0xff, 0xfc, 0x0, 0xc, 0xff, 0xd4, 0x0, 0x2b,
    0xff, 0xff, 0x20, 0x0, 0x1a, 0xff, 0xff, 0xff,
    0xff, 0xfc, 0x20, 0x0, 0x0, 0x3, 0x9d, 0xff,
    0xec, 0x94, 0x0, 0x0,

    /* U+0068 "h" */
    0x2b, 0xff, 0xff, 0xfa, 0x0, 0x0, 0x0, 0x0,
    0x0, 0x0, 0x0, 0xcf, 0xff, 0xfa, 0x0, 0x0,
    0x0, 0x0, 0x0, 0x0, 0x0, 0x7f, 0xff, 0xfa,
    0x0, 0x0, 0x0, 0x0, 0x0, 0x0, 0x0, 0x5f,
    0xff, 0xfa, 0x0, 0x0, 0x0, 0x0, 0x0, 0x0,
    0x0, 0x5f, 0xff, 0xfa, 0x0, 0x0, 0x0, 0x0,
    0x0, 0x0, 0x0, 0x5f, 0xff, 0xfa, 0x0, 0x0,
    0x0, 0x0, 0x0, 0x0, 0x0, 0x5f, 0xff, 0xfa,
    0x0, 0x0, 0x0, 0x0, 0x0, 0x0, 0x0, 0x5f,
    0xff, 0xfa, 0x0, 0x0, 0x0, 0x0, 0x0, 0x0,
    0x0, 0x5f, 0xff, 0xfa, 0x0, 0x6c, 0xef, 0xe9,
    0x10, 0x0, 0x0, 0x5f, 0xff, 0xfa, 0x3d, 0xff,
    0xff, 0xff, 0xd1, 0x0, 0x0, 0x5f, 0xff, 0xfc,
    0xff, 0xff, 0xff, 0xff, 0xf7, 0x0, 0x0, 0x5f,
    0xff, 0xff, 0xd4, 0x2, 0xcf, 0xff, 0xfb, 0x0,
    0x0, 0x5f, 0xff, 0xfd, 0x10, 0x0, 0x4f, 0xff,
    0xfc, 0x0, 0x0, 0x5f, 0xff, 0xfa, 0x0, 0x0,
    0x1f, 0xff, 0xfd, 0x0, 0x0, 0x5f, 0xff, 0xfa,
    0x0, 0x0, 0x1f, 0xff, 0xfd, 0x0, 0x0, 0x5f,
    0xff, 0xfa, 0x0, 0x0, 0x1f, 0xff, 0xfd, 0x0,
    0x0, 0x5f, 0xff, 0xfa, 0x0, 0x0, 0x1f, 0xff,
    0xfd, 0x0, 0x0, 0x5f, 0xff, 0xfa, 0x0, 0x0,
    0x1f, 0xff, 0xfd, 0x0, 0x0, 0x5f, 0xff, 0xfa,
    0x0, 0x0, 0x1f, 0xff, 0xfd, 0x0, 0x0, 0x5f,
    0xff, 0xfa, 0x0, 0x0, 0x1f, 0xff, 0xfd, 0x0,
    0x0, 0x5f, 0xff, 0xfa, 0x0, 0x0, 0x1f, 0xff,
    0xfd, 0x0, 0x0, 0x5f, 0xff, 0xfa, 0x0, 0x0,
    0x1f, 0xff, 0xfd, 0x0, 0x0, 0x5f, 0xff, 0xfb,
    0x0, 0x0, 0x1f, 0xff, 0xfd, 0x0, 0x0, 0x5f,
    0xff, 0xfd, 0x0, 0x0, 0x1f, 0xff, 0xfd, 0x0,
    0x8, 0xff, 0xff, 0xff, 0x90, 0x0, 0x1f, 0xff,
    0xff, 0xc2,

    /* U+0069 "i" */
    0x0, 0x0, 0x0, 0x0, 0x0, 0x0, 0x0, 0x9a,
    0x0, 0x0, 0x0, 0xa, 0xff, 0xb0, 0x0, 0x0,
    0xbf, 0xff, 0xfb, 0x0, 0x1, 0xbf, 0xff, 0xfb,
    0x10, 0x0, 0x8, 0xff, 0x90, 0x0, 0x0, 0x0,
    0x9a, 0x0, 0x0, 0x0, 0x0, 0x1, 0x0, 0x0,
    0x0, 0x0, 0x0, 0x0, 0x0, 0x7, 0xff, 0xff,
    0xf7, 0x0, 0x0, 0xbf, 0xff, 0xf7, 0x0, 0x0,
    0x8f, 0xff, 0xf7, 0x0, 0x0, 0x7f, 0xff, 0xf7,
    0x0, 0x0, 0x7f, 0xff, 0xf7, 0x0, 0x0, 0x7f,
    0xff, 0xf7, 0x0, 0x0, 0x7f, 0xff, 0xf7, 0x0,
    0x0, 0x7f, 0xff, 0xf7, 0x0, 0x0, 0x7f, 0xff,
    0xf7, 0x0, 0x0, 0x7f, 0xff, 0xf7, 0x0, 0x0,
    0x7f, 0xff, 0xf7, 0x0, 0x0, 0x7f, 0xff, 0xf7,
    0x0, 0x0, 0x7f, 0xff, 0xf7, 0x0, 0x0, 0x7f,
    0xff, 0xf7, 0x0, 0x0, 0x7f, 0xff, 0xf8, 0x0,
    0x0, 0x7f, 0xff, 0xfb, 0x0, 0x19, 0xff, 0xff,
    0xff, 0x70,

    /* U+006A "j" */
    0x0, 0x0, 0x0, 0x0, 0x0, 0x0, 0x9, 0xa0,
    0x0, 0x0, 0xa, 0xff, 0xb0, 0x0, 0xb, 0xff,
    0xff, 0xb0, 0x1, 0xbf, 0xff, 0xfb, 0x10, 0x0,
    0x8f, 0xf9, 0x0, 0x0, 0x0, 0x9a, 0x0, 0x0,
    0x0, 0x0, 0x10, 0x0, 0x0, 0x0, 0x0, 0x0,
    0x0, 0x7f, 0xff, 0xff, 0x70, 0x0, 0xbf, 0xff,
    0xf7, 0x0, 0x8, 0xff, 0xff, 0x70, 0x0, 0x7f,
    0xff, 0xf7, 0x0, 0x7, 0xff, 0xff, 0x70, 0x0,
    0x7f, 0xff, 0xf7, 0x0, 0x7, 0xff, 0xff, 0x70,
    0x0, 0x7f, 0xff, 0xf7, 0x0, 0x7, 0xff, 0xff,
    0x70, 0x0, 0x7f, 0xff, 0xf7, 0x0, 0x7, 0xff,
    0xff, 0x70, 0x0, 0x7f, 0xff, 0xf7, 0x0, 0x7,
    0xff, 0xff, 0x60, 0x0, 0x7f, 0xff, 0xf6, 0x0,
    0x7, 0xff, 0xff, 0x40, 0x0, 0x7f, 0xff, 0xf2,
    0x0, 0x7, 0xff, 0xff, 0x0, 0x0, 0x7f, 0xff,
    0xb0, 0x0, 0x7, 0xff, 0xf5, 0x0, 0x0, 0x7f,
    0xfe, 0x0, 0x0, 0x8, 0xff, 0x40, 0x0, 0x0,
    0xcf, 0x70, 0x0, 0x0, 0x3d, 0x40, 0x0, 0x0,
    0x1, 0x0, 0x0, 0x0, 0x0,

    /* U+006B "k" */
    0x3, 0xbf, 0xff, 0xff, 0xa0, 0x0, 0x0, 0x0,
    0x0, 0x0, 0x0, 0x0, 0xbf, 0xff, 0xfa, 0x0,
    0x0, 0x0, 0x0, 0x0, 0x0, 0x0, 0x6, 0xff,
    0xff, 0xa0, 0x0, 0x0, 0x0, 0x0, 0x0, 0x0,
    0x0, 0x4f, 0xff, 0xfa, 0x0, 0x0, 0x0, 0x0,
    0x0, 0x0, 0x0, 0x4, 0xff, 0xff, 0xa0, 0x0,
    0x0, 0x0, 0x0, 0x0, 0x0, 0x0, 0x4f, 0xff,
    0xfa, 0x0, 0x0, 0x0, 0x0, 0x0, 0x0, 0x0,
    0x4, 0xff, 0xff, 0xa0, 0x0, 0x0, 0x0, 0x0,
    0x0, 0x0, 0x0, 0x4f, 0xff, 0xfa, 0x0, 0x0,
    0x0, 0x0, 0x0, 0x0, 0x0, 0x4, 0xff, 0xff,
    0xa0, 0x0, 0xa, 0xff, 0xff, 0xc4, 0x0, 0x0,
    0x4f, 0xff, 0xfa, 0x0, 0x0, 0xdf, 0xff, 0x50,
    0x0, 0x0, 0x4, 0xff, 0xff, 0xa0, 0x0, 0xbf,
    0xff, 0x40, 0x0, 0x0, 0x0, 0x4f, 0xff, 0xfa,
    0x0, 0xaf, 0xff, 0x40, 0x0, 0x0, 0x0, 0x4,
    0xff, 0xff, 0xa0, 0x9f, 0xff, 0x50, 0x0, 0x0,
    0x0, 0x0, 0x4f, 0xff, 0xfa, 0x9f, 0xff, 0x90,
    0x0, 0x0, 0x0, 0x0, 0x4, 0xff, 0xff, 0xab,
    0xff, 0xfe, 0x10, 0x0, 0x0, 0x0, 0x0, 0x4f,
    0xff, 0xfa, 0x3f, 0xff, 0xf8, 0x0, 0x0, 0x0,
    0x0, 0x4, 0xff, 0xff, 0xa0, 0xaf, 0xff, 0xf1,
    0x0, 0x0, 0x0, 0x0, 0x4f, 0xff, 0xfa, 0x2,
    0xff, 0xff, 0x90, 0x0, 0x0, 0x0, 0x4, 0xff,
    0xff, 0xa0, 0x9, 0xff, 0xff, 0x20, 0x0, 0x0,
    0x0, 0x4f, 0xff, 0xfa, 0x0, 0x1f, 0xff, 0xfa,
    0x0, 0x0, 0x0, 0x4, 0xff, 0xff, 0xa0, 0x0,
    0x8f, 0xff, 0xf3, 0x0, 0x0, 0x0, 0x4f, 0xff,
    0xfa, 0x0, 0x1, 0xff, 0xff, 0xb0, 0x0, 0x0,
    0x4, 0xff, 0xff, 0xb0, 0x0, 0x7, 0xff, 0xff,
    0x40, 0x0, 0x0, 0x5f, 0xff, 0xfe, 0x0, 0x0,
    0xe, 0xff, 0xfc, 0x0, 0x0, 0x8f, 0xff, 0xff,
    0xf9, 0x10, 0x0, 0x6f, 0xff, 0xfb, 0x10,

    /* U+006C "l" */
    0x2b, 0xff, 0xff, 0xfa, 0x0, 0x0, 0xcf, 0xff,
    0xfa, 0x0, 0x0, 0x6f, 0xff, 0xfa, 0x0, 0x0,
    0x4f, 0xff, 0xfa, 0x0, 0x0, 0x4f, 0xff, 0xfa,
    0x0, 0x0, 0x4f, 0xff, 0xfa, 0x0, 0x0, 0x4f,
    0xff, 0xfa, 0x0, 0x0, 0x4f, 0xff, 0xfa, 0x0,
    0x0, 0x4f, 0xff, 0xfa, 0x0, 0x0, 0x4f, 0xff,
    0xfa, 0x0, 0x0, 0x4f, 0xff, 0xfa, 0x0, 0x0,
    0x4f, 0xff, 0xfa, 0x0, 0x0, 0x4f, 0xff, 0xfa,
    0x0, 0x0, 0x4f, 0xff, 0xfa, 0x0, 0x0, 0x4f,
    0xff, 0xfa, 0x0, 0x0, 0x4f, 0xff, 0xfa, 0x0,
    0x0, 0x4f, 0xff, 0xfa, 0x0, 0x0, 0x4f, 0xff,
    0xfa, 0x0, 0x0, 0x4f, 0xff, 0xfa, 0x0, 0x0,
    0x4f, 0xff, 0xfa, 0x0, 0x0, 0x4f, 0xff, 0xfa,
    0x0, 0x0, 0x4f, 0xff, 0xfa, 0x0, 0x0, 0x4f,
    0xff, 0xfb, 0x0, 0x0, 0x5f, 0xff, 0xfe, 0x0,
    0x8, 0xff, 0xff, 0xff, 0x91,

    /* U+006D "m" */
    0x5, 0xff, 0xff, 0xfa, 0x1, 0x8d, 0xfe, 0xa2,
    0x0, 0x6, 0xce, 0xfc, 0x40, 0x0, 0x0, 0x8f,
    0xff, 0xfa, 0x4e, 0xff, 0xff, 0xfe, 0x11, 0xcf,
    0xff, 0xff, 0xf3, 0x0, 0x0, 0x5f, 0xff, 0xfd,
    0xff, 0xff, 0xff, 0xff, 0x7d, 0xff, 0xff, 0xff,
    0xfa, 0x0, 0x0, 0x4f, 0xff, 0xff, 0xb2, 0xa,
    0xff, 0xff, 0xfe, 0x40, 0x7f, 0xff, 0xfe, 0x0,
    0x0, 0x4f, 0xff, 0xfd, 0x0, 0x3, 0xff, 0xff,
    0xf2, 0x0, 0xf, 0xff, 0xff, 0x0, 0x0, 0x4f,
    0xff, 0xfa, 0x0, 0x1, 0xff, 0xff, 0xd0, 0x0,
    0xe, 0xff, 0xff, 0x0, 0x0, 0x4f, 0xff, 0xfa,
    0x0, 0x1, 0xff, 0xff, 0xe0, 0x0, 0xe, 0xff,
    0xff, 0x0, 0x0, 0x4f, 0xff, 0xfa, 0x0, 0x1,
    0xff, 0xff, 0xe0, 0x0, 0xe, 0xff, 0xff, 0x0,
    0x0, 0x4f, 0xff, 0xfa, 0x0, 0x1, 0xff, 0xff,
    0xe0, 0x0, 0xe, 0xff, 0xff, 0x0, 0x0, 0x4f,
    0xff, 0xfa, 0x0, 0x1, 0xff, 0xff, 0xe0, 0x0,
    0xe, 0xff, 0xff, 0x0, 0x0, 0x4f, 0xff, 0xfa,
    0x0, 0x1, 0xff, 0xff, 0xe0, 0x0, 0xe, 0xff,
    0xff, 0x0, 0x0, 0x4f, 0xff, 0xfa, 0x0, 0x1,
    0xff, 0xff, 0xe0, 0x0, 0xe, 0xff, 0xff, 0x0,
    0x0, 0x4f, 0xff, 0xfa, 0x0, 0x1, 0xff, 0xff,
    0xe0, 0x0, 0xe, 0xff, 0xff, 0x0, 0x0, 0x4f,
    0xff, 0xfa, 0x0, 0x1, 0xff, 0xff, 0xe0, 0x0,
    0xe, 0xff, 0xff, 0x0, 0x0, 0x4f, 0xff, 0xfb,
    0x0, 0x1, 0xff, 0xff, 0xe0, 0x0, 0xe, 0xff,
    0xff, 0x0, 0x0, 0x5f, 0xff, 0xfe, 0x0, 0x1,
    0xff, 0xff, 0xf1, 0x0, 0xe, 0xff, 0xff, 0x10,
    0x8, 0xff, 0xff, 0xff, 0x91, 0x1, 0xff, 0xff,
    0xfb, 0x20, 0xe, 0xff, 0xff, 0xd4,

    /* U+006E "n" */
    0x5, 0xff, 0xff, 0xfa, 0x0, 0x6c, 0xef, 0xe9,
    0x10, 0x0, 0x0, 0x9f, 0xff, 0xfa, 0x3d, 0xff,
    0xff, 0xff, 0xe1, 0x0, 0x0, 0x5f, 0xff, 0xfd,
    0xff, 0xff, 0xff, 0xff, 0xf7, 0x0, 0x0, 0x4f,
    0xff, 0xff, 0xe5, 0x2, 0xcf, 0xff, 0xfb, 0x0,
    0x0, 0x4f, 0xff, 0xfd, 0x10, 0x0, 0x3f, 0xff,
    0xfd, 0x0, 0x0, 0x4f, 0xff, 0xfa, 0x0, 0x0,
    0x1f, 0xff, 0xfd, 0x0, 0x0, 0x4f, 0xff, 0xfa,
    0x0, 0x0, 0xf, 0xff, 0xfe, 0x0, 0x0, 0x4f,
    0xff, 0xfa, 0x0, 0x0, 0xf, 0xff, 0xfe, 0x0,
    0x0, 0x4f, 0xff, 0xfa, 0x0, 0x0, 0xf, 0xff,
    0xfe, 0x0, 0x0, 0x4f, 0xff, 0xfa, 0x0, 0x0,
    0xf, 0xff, 0xfe, 0x0, 0x0, 0x4f, 0xff, 0xfa,
    0x0, 0x0, 0xf, 0xff, 0xfe, 0x0, 0x0, 0x4f,
    0xff, 0xfa, 0x0, 0x0, 0xf, 0xff, 0xfe, 0x0,
    0x0, 0x4f, 0xff, 0xfa, 0x0, 0x0, 0xf, 0xff,
    0xfe, 0x0, 0x0, 0x4f, 0xff, 0xfa, 0x0, 0x0,
    0xf, 0xff, 0xfe, 0x0, 0x0, 0x4f, 0xff, 0xfb,
    0x0, 0x0, 0xf, 0xff, 0xfe, 0x0, 0x0, 0x5f,
    0xff, 0xfe, 0x0, 0x0, 0xf, 0xff, 0xfe, 0x0,
    0x8, 0xff, 0xff, 0xff, 0x91, 0x0, 0xf, 0xff,
    0xff, 0xc2,

    /* U+006F "o" */
    0x0, 0x0, 0x18, 0xce, 0xfe, 0xd9, 0x30, 0x0,
    0x0, 0x0, 0x8, 0xff, 0xff, 0xdf, 0xff, 0xfb,
    0x10, 0x0, 0x0, 0xbf, 0xff, 0xc1, 0x0, 0x9f,
    0xff, 0xd1, 0x0, 0x9, 0xff, 0xff, 0x10, 0x0,
    0xd, 0xff, 0xfc, 0x0, 0x2f, 0xff, 0xfb, 0x0,
    0x0, 0x7, 0xff, 0xff, 0x60, 0x8f, 0xff, 0xf8,
    0x0, 0x0, 0x4, 0xff, 0xff, 0xc0, 0xcf, 0xff,
    0xf6, 0x0, 0x0, 0x2, 0xff, 0xff, 0xf0, 0xef,
    0xff, 0xf5, 0x0, 0x0, 0x1, 0xff, 0xff, 0xf2,
    0xff, 0xff, 0xf4, 0x0, 0x0, 0x0, 0xff, 0xff,
    0xf3, 0xef, 0xff, 0xf5, 0x0, 0x0, 0x1, 0xff,
    0xff, 0xf2, 0xcf, 0xff, 0xf6, 0x0, 0x0, 0x2,
    0xff, 0xff, 0xf0, 0x8f, 0xff, 0xf8, 0x0, 0x0,
    0x4, 0xff, 0xff, 0xc0, 0x2f, 0xff, 0xfb, 0x0,
    0x0, 0x7, 0xff, 0xff, 0x60, 0x9, 0xff, 0xff,
    0x10, 0x0, 0xd, 0xff, 0xfc, 0x0, 0x0, 0xbf,
    0xff, 0xc1, 0x0, 0x9f, 0xff, 0xe1, 0x0, 0x0,
    0x8, 0xff, 0xff, 0xdf, 0xff, 0xfb, 0x10, 0x0,
    0x0, 0x0, 0x18, 0xce, 0xfe, 0xd9, 0x30, 0x0,
    0x0,

    /* U+0070 "p" */
    0x5, 0xff, 0xff, 0xfa, 0x19, 0xef, 0xeb, 0x60,
    0x0, 0x0, 0x0, 0x8f, 0xff, 0xfc, 0xef, 0xdf,
    0xff, 0xfd, 0x20, 0x0, 0x0, 0x5f, 0xff, 0xff,
    0xd2, 0x0, 0xbf, 0xff, 0xe2, 0x0, 0x0, 0x4f,
    0xff, 0xfe, 0x10, 0x0, 0x1f, 0xff, 0xfc, 0x0,
    0x0, 0x4f, 0xff, 0xfa, 0x0, 0x0, 0xa, 0xff,
    0xff, 0x40, 0x0, 0x4f, 0xff, 0xfa, 0x0, 0x0,
    0x7, 0xff, 0xff, 0xa0, 0x0, 0x4f, 0xff, 0xfa,
    0x0, 0x0, 0x5, 0xff, 0xff, 0xd0, 0x0, 0x4f,
    0xff, 0xfa, 0x0, 0x0, 0x4, 0xff, 0xff, 0xf0,
    0x0, 0x4f, 0xff, 0xfa, 0x0, 0x0, 0x3, 0xff,
    0xff, 0xf0, 0x0, 0x4f, 0xff, 0xfa, 0x0, 0x0,
    0x4, 0xff, 0xff, 0xf0, 0x0, 0x4f, 0xff, 0xfa,
    0x0, 0x0, 0x5, 0xff, 0xff, 0xe0, 0x0, 0x4f,
    0xff, 0xfa, 0x0, 0x0, 0x7, 0xff, 0xff, 0xa0,
    0x0, 0x4f, 0xff, 0xfa, 0x0, 0x0, 0xa, 0xff,
    0xff, 0x50, 0x0, 0x4f, 0xff, 0xfa, 0x0, 0x0,
    0x1f, 0xff, 0xfd, 0x0, 0x0, 0x4f, 0xff, 0xfe,
    0x50, 0x1, 0xbf, 0xff, 0xf2, 0x0, 0x0, 0x4f,
    0xff, 0xff, 0xff, 0xdf, 0xff, 0xfd, 0x20, 0x0,
    0x0, 0x4f, 0xff, 0xfa, 0x6c, 0xef, 0xeb, 0x60,
    0x0, 0x0, 0x0, 0x4f, 0xff, 0xfa, 0x0, 0x0,
    0x0, 0x0, 0x0, 0x0, 0x0, 0x4f, 0xff, 0xfa,
    0x0, 0x0, 0x0, 0x0, 0x0, 0x0, 0x0, 0x4f,
    0xff, 0xfa, 0x0, 0x0, 0x0, 0x0, 0x0, 0x0,
    0x0, 0x4f, 0xff, 0xfa, 0x0, 0x0, 0x0, 0x0,
    0x0, 0x0, 0x0, 0x3f, 0xff, 0xfa, 0x0, 0x0,
    0x0, 0x0, 0x0, 0x0, 0x0, 0x2, 0x9f, 0xfa,
    0x0, 0x0, 0x0, 0x0, 0x0, 0x0, 0x0, 0x0,
    0x3, 0xda, 0x0, 0x0, 0x0, 0x0, 0x0, 0x0,
    0x0, 0x0, 0x0, 0x18, 0x0, 0x0, 0x0, 0x0,
    0x0, 0x0, 0x0, 0x0, 0x0, 0x0, 0x0, 0x0,
    0x0, 0x0, 0x0, 0x0,

    /* U+0071 "q" */
    0x0, 0x0, 0x49, 0xdf, 0xfc, 0x70, 0x0, 0x4b,
    0x50, 0x0, 0xaf, 0xff, 0xfd, 0xef, 0xd7, 0xdf,
    0xf5, 0x0, 0xcf, 0xff, 0xd2, 0x0, 0x4d, 0xff,
    0xff, 0x50, 0x9f, 0xff, 0xf2, 0x0, 0x0, 0x9f,
    0xff, 0xf5, 0x2f, 0xff, 0xfc, 0x0, 0x0, 0x9,
    0xff, 0xff, 0x58, 0xff, 0xff, 0x80, 0x0, 0x0,
    0x9f, 0xff, 0xf5, 0xcf, 0xff, 0xf6, 0x0, 0x0,
    0x9, 0xff, 0xff, 0x5e, 0xff, 0xff, 0x50, 0x0,
    0x0, 0x9f, 0xff, 0xf5, 0xff, 0xff, 0xf4, 0x0,
    0x0, 0x9, 0xff, 0xff, 0x5e, 0xff, 0xff, 0x50,
    0x0, 0x0, 0x9f, 0xff, 0xf5, 0xdf, 0xff, 0xf6,
    0x0, 0x0, 0x9, 0xff, 0xff, 0x5a, 0xff, 0xff,
    0x80, 0x0, 0x0, 0x9f, 0xff, 0xf5, 0x5f, 0xff,
    0xfb, 0x0, 0x0, 0x9, 0xff, 0xff, 0x50, 0xdf,
    0xff, 0xf1, 0x0, 0x0, 0x9f, 0xff, 0xf5, 0x2,
    0xff, 0xff, 0xc1, 0x0, 0x4d, 0xff, 0xff, 0x50,
    0x3, 0xdf, 0xff, 0xfd, 0xef, 0xff, 0xff, 0xf5,
    0x0, 0x0, 0x6b, 0xef, 0xec, 0x69, 0xff, 0xff,
    0x50, 0x0, 0x0, 0x0, 0x0, 0x0, 0x9f, 0xff,
    0xf5, 0x0, 0x0, 0x0, 0x0, 0x0, 0x9, 0xff,
    0xff, 0x50, 0x0, 0x0, 0x0, 0x0, 0x0, 0x9f,
    0xff, 0xf5, 0x0, 0x0, 0x0, 0x0, 0x0, 0x9,
    0xff, 0xff, 0x50, 0x0, 0x0, 0x0, 0x0, 0x0,
    0x8f, 0xff, 0xf5, 0x0, 0x0, 0x0, 0x0, 0x0,
    0x0, 0x4c, 0xff, 0x50, 0x0, 0x0, 0x0, 0x0,
    0x0, 0x0, 0x6, 0xf5, 0x0, 0x0, 0x0, 0x0,
    0x0, 0x0, 0x0, 0x4, 0x40, 0x0, 0x0, 0x0,
    0x0, 0x0, 0x0, 0x0, 0x0,

    /* U+0072 "r" */
    0x5, 0xff, 0xff, 0xfa, 0x0, 0x49, 0xde, 0x30,
    0x8, 0xff, 0xff, 0xa1, 0xaf, 0xff, 0xf3, 0x0,
    0x5f, 0xff, 0xfb, 0xcf, 0xff, 0xff, 0x20, 0x4,
    0xff, 0xff, 0xff, 0xdb, 0xdf, 0xf1, 0x0, 0x4f,
    0xff, 0xff, 0x60, 0x0, 0x6f, 0x0, 0x4, 0xff,
    0xff, 0xa0, 0x0, 0x0, 0x90, 0x0, 0x4f, 0xff,
    0xfa, 0x0, 0x0, 0x0, 0x0, 0x4, 0xff, 0xff,
    0xa0, 0x0, 0x0, 0x0, 0x0, 0x4f, 0xff, 0xfa,
    0x0, 0x0, 0x0, 0x0, 0x4, 0xff, 0xff, 0xa0,
    0x0, 0x0, 0x0, 0x0, 0x4f, 0xff, 0xfa, 0x0,
    0x0, 0x0, 0x0, 0x4, 0xff, 0xff, 0xa0, 0x0,
    0x0, 0x0, 0x0, 0x4f, 0xff, 0xfa, 0x0, 0x0,
    0x0, 0x0, 0x4, 0xff, 0xff, 0xb0, 0x0, 0x0,
    0x0, 0x0, 0x4f, 0xff, 0xfd, 0x0, 0x0, 0x0,
    0x0, 0x5, 0xff, 0xff, 0xf4, 0x0, 0x0, 0x0,
    0x8, 0xff, 0xff, 0xff, 0xe6, 0x0, 0x0, 0x0,

    /* U+0073 "s" */
    0x0, 0x29, 0xdf, 0xfe, 0xc8, 0x20, 0x6, 0xff,
    0xfe, 0xef, 0xff, 0x60, 0x3f, 0xff, 0x70, 0x4,
    0xef, 0x50, 0xaf, 0xff, 0x10, 0x0, 0x3f, 0x30,
    0xcf, 0xff, 0x90, 0x0, 0x8, 0x20, 0xbf, 0xff,
    0xfa, 0x10, 0x0, 0x0, 0x7f, 0xff, 0xff, 0xf7,
    0x0, 0x0, 0xd, 0xff, 0xff, 0xff, 0xd2, 0x0,
    0x2, 0xdf, 0xff, 0xff, 0xfe, 0x20, 0x0, 0x9,
    0xff, 0xff, 0xff, 0xd0, 0x0, 0x0, 0x3c, 0xff,
    0xff, 0xf4, 0x10, 0x0, 0x0, 0x8f, 0xff, 0xf8,
    0x65, 0x0, 0x0, 0xc, 0xff, 0xf8, 0x7e, 0x20,
    0x0, 0x9, 0xff, 0xf6, 0x8f, 0xe4, 0x0, 0x2e,
    0xff, 0xe0, 0x9f, 0xff, 0xed, 0xff, 0xfe, 0x20,
    0x49, 0xce, 0xff, 0xeb, 0x60, 0x0,

    /* U+0074 "t" */
    0x0, 0x0, 0x0, 0x2, 0x40, 0x0, 0x0, 0x0,
    0x0, 0x0, 0xc5, 0x0, 0x0, 0x0, 0x0, 0x0,
    0x9f, 0x50, 0x0, 0x0, 0x0, 0x0, 0x8f, 0xf5,
    0x0, 0x0, 0x0, 0x0, 0x9f, 0xff, 0x50, 0x0,
    0x0, 0x2, 0xdf, 0xff, 0xff, 0xff, 0xa0, 0x2a,
    0xff, 0xff, 0xff, 0xfe, 0x50, 0x0, 0x0, 0x9f,
    0xff, 0xf5, 0x0, 0x0, 0x0, 0x9, 0xff, 0xff,
    0x50, 0x0, 0x0, 0x0, 0x9f, 0xff, 0xf5, 0x0,
    0x0, 0x0, 0x9, 0xff, 0xff, 0x50, 0x0, 0x0,
    0x0, 0x9f, 0xff, 0xf5, 0x0, 0x0, 0x0, 0x9,
    0xff, 0xff, 0x50, 0x0, 0x0, 0x0, 0x9f, 0xff,
    0xf5, 0x0, 0x0, 0x0, 0x9, 0xff, 0xff, 0x50,
    0x0, 0x0, 0x0, 0x9f, 0xff, 0xf5, 0x0, 0x0,
    0x0, 0x9, 0xff, 0xff, 0x50, 0x0, 0x0, 0x0,
    0x9f, 0xff, 0xf5, 0x0, 0x0, 0x0, 0x9, 0xff,
    0xff, 0x60, 0x0, 0x0, 0x0, 0x9f, 0xff, 0xf8,
    0x0, 0x0, 0x0, 0x9, 0xff, 0xff, 0xe1, 0x0,
    0x0, 0x0, 0x9f, 0xff, 0xff, 0xc4, 0x0,

    /* U+0075 "u" */
    0x6, 0xff, 0xff, 0xfa, 0x0, 0x5, 0xff, 0xff,
    0xfb, 0x0, 0x0, 0x5f, 0xff, 0xfa, 0x0, 0x0,
    0x7f, 0xff, 0xfb, 0x0, 0x0, 0x4f, 0xff, 0xfa,
    0x0, 0x0, 0x4f, 0xff, 0xfb, 0x0, 0x0, 0x4f,
    0xff, 0xfa, 0x0, 0x0, 0x4f, 0xff, 0xfb, 0x0,
    0x0, 0x4f, 0xff, 0xfa, 0x0, 0x0, 0x4f, 0xff,
    0xfb, 0x0, 0x0, 0x4f, 0xff, 0xfa, 0x0, 0x0,
    0x4f, 0xff, 0xfb, 0x0, 0x0, 0x4f, 0xff, 0xfa,
    0x0, 0x0, 0x4f, 0xff, 0xfb, 0x0, 0x0, 0x4f,
    0xff, 0xfa, 0x0, 0x0, 0x4f, 0xff, 0xfb, 0x0,
    0x0, 0x4f, 0xff, 0xfa, 0x0, 0x0, 0x4f, 0xff,
    0xfb, 0x0, 0x0, 0x4f, 0xff, 0xfa, 0x0, 0x0,
    0x4f, 0xff, 0xfb, 0x0, 0x0, 0x4f, 0xff, 0xfa,
    0x0, 0x0, 0x4f, 0xff, 0xfb, 0x0, 0x0, 0x4f,
    0xff, 0xfb, 0x0, 0x0, 0x4f, 0xff, 0xfb, 0x0,
    0x0, 0x3f, 0xff, 0xfd, 0x0, 0x0, 0x8f, 0xff,
    0xfb, 0x0, 0x0, 0x2f, 0xff, 0xff, 0x60, 0x29,
    0xff, 0xff, 0xfb, 0x0, 0x0, 0xe, 0xff, 0xff,
    0xff, 0xff, 0xcf, 0xff, 0xfb, 0x0, 0x0, 0x6,
    0xff, 0xff, 0xff, 0xf7, 0x4f, 0xff, 0xfc, 0x0,
    0x0, 0x0, 0x5c, 0xff, 0xd9, 0x20, 0x4f, 0xff,
    0xff, 0xc1,

    /* U+0076 "v" */
    0x8, 0xff, 0xff, 0xf6, 0x0, 0x0, 0xb, 0xff,
    0xfd, 0x20, 0x7, 0xff, 0xff, 0xd0, 0x0, 0x0,
    0x3f, 0xfd, 0x0, 0x0, 0x1f, 0xff, 0xff, 0x40,
    0x0, 0x5, 0xff, 0x60, 0x0, 0x0, 0x9f, 0xff,
    0xfb, 0x0, 0x0, 0xbf, 0xf0, 0x0, 0x0, 0x2,
    0xff, 0xff, 0xf2, 0x0, 0x2f, 0xf8, 0x0, 0x0,
    0x0, 0xb, 0xff, 0xff, 0x90, 0x9, 0xff, 0x10,
    0x0, 0x0, 0x0, 0x4f, 0xff, 0xff, 0x10, 0xff,
    0xa0, 0x0, 0x0, 0x0, 0x0, 0xdf, 0xff, 0xf7,
    0x7f, 0xf3, 0x0, 0x0, 0x0, 0x0, 0x6, 0xff,
    0xff, 0xed, 0xfc, 0x0, 0x0, 0x0, 0x0, 0x0,
    0xe, 0xff, 0xff, 0xff, 0x50, 0x0, 0x0, 0x0,
    0x0, 0x0, 0x8f, 0xff, 0xff, 0xd0, 0x0, 0x0,
    0x0, 0x0, 0x0, 0x1, 0xff, 0xff, 0xf7, 0x0,
    0x0, 0x0, 0x0, 0x0, 0x0, 0xa, 0xff, 0xff,
    0x0, 0x0, 0x0, 0x0, 0x0, 0x0, 0x0, 0x3f,
    0xff, 0x80, 0x0, 0x0, 0x0, 0x0, 0x0, 0x0,
    0x0, 0xcf, 0xf2, 0x0, 0x0, 0x0, 0x0, 0x0,
    0x0, 0x0, 0x5, 0xfa, 0x0, 0x0, 0x0, 0x0,
    0x0, 0x0, 0x0, 0x0, 0xe, 0x30, 0x0, 0x0,
    0x0, 0x0, 0x0, 0x0, 0x0, 0x0, 0x40, 0x0,
    0x0, 0x0, 0x0,

    /* U+0077 "w" */
    0x0, 0x0, 0x0, 0x0, 0x0, 0x0, 0x0, 0x0,
    0x0, 0x0, 0x0, 0x0, 0x0, 0x0, 0x0, 0x0,
    0x0, 0x0, 0x0, 0x0, 0x9, 0x30, 0x0, 0x0,
    0x0, 0x0, 0x0, 0x8, 0xff, 0xff, 0xf1, 0x0,
    0x0, 0x3, 0xf9, 0x0, 0x0, 0x7, 0xff, 0xfc,
    0x10, 0x8, 0xff, 0xff, 0x70, 0x0, 0x2, 0xef,
    0xf1, 0x0, 0x0, 0xe, 0xfb, 0x0, 0x0, 0x1f,
    0xff, 0xfe, 0x0, 0x2, 0xef, 0xff, 0x70, 0x0,
    0x0, 0xff, 0x40, 0x0, 0x0, 0xaf, 0xff, 0xf5,
    0x0, 0x1f, 0xff, 0xfd, 0x0, 0x0, 0x5f, 0xd0,
    0x0, 0x0, 0x3, 0xff, 0xff, 0xb0, 0x0, 0xaf,
    0xff, 0xf4, 0x0, 0xc, 0xf7, 0x0, 0x0, 0x0,
    0xc, 0xff, 0xff, 0x20, 0xb, 0xff, 0xff, 0xb0,
    0x3, 0xff, 0x10, 0x0, 0x0, 0x0, 0x6f, 0xff,
    0xf9, 0x2, 0xff, 0xff, 0xff, 0x20, 0x9f, 0x90,
    0x0, 0x0, 0x0, 0x0, 0xef, 0xff, 0xf1, 0x9f,
    0xef, 0xff, 0xf9, 0x1f, 0xf2, 0x0, 0x0, 0x0,
    0x0, 0x8, 0xff, 0xff, 0x7f, 0xf4, 0xff, 0xff,
    0xf8, 0xfc, 0x0, 0x0, 0x0, 0x0, 0x0, 0x2f,
    0xff, 0xff, 0xfc, 0x9, 0xff, 0xff, 0xff, 0x50,
    0x0, 0x0, 0x0, 0x0, 0x0, 0xbf, 0xff, 0xff,
    0x60, 0x2f, 0xff, 0xff, 0xe0, 0x0, 0x0, 0x0,
    0x0, 0x0, 0x4, 0xff, 0xff, 0xe0, 0x0, 0xbf,
    0xff, 0xf8, 0x0, 0x0, 0x0, 0x0, 0x0, 0x0,
    0xd, 0xff, 0xf8, 0x0, 0x5, 0xff, 0xff, 0x10,
    0x0, 0x0, 0x0, 0x0, 0x0, 0x0, 0x7f, 0xff,
    0x20, 0x0, 0xe, 0xff, 0xa0, 0x0, 0x0, 0x0,
    0x0, 0x0, 0x0, 0x1, 0xff, 0xb0, 0x0, 0x0,
    0x7f, 0xf3, 0x0, 0x0, 0x0, 0x0, 0x0, 0x0,
    0x0, 0x9, 0xf4, 0x0, 0x0, 0x1, 0xfd, 0x0,
    0x0, 0x0, 0x0, 0x0, 0x0, 0x0, 0x0, 0x3d,
    0x0, 0x0, 0x0, 0xa, 0x60, 0x0, 0x0, 0x0,
    0x0, 0x0, 0x0, 0x0, 0x0, 0x30, 0x0, 0x0,
    0x0, 0x30, 0x0, 0x0, 0x0, 0x0,

    /* U+0078 "x" */
    0x3d, 0xff, 0xff, 0xe0, 0x0, 0x1, 0xdf, 0xff,
    0xe5, 0x0, 0xe, 0xff, 0xff, 0x90, 0x0, 0xa,
    0xff, 0xb0, 0x0, 0x0, 0x4f, 0xff, 0xff, 0x40,
    0x1, 0xff, 0xe1, 0x0, 0x0, 0x0, 0xaf, 0xff,
    0xfd, 0x0, 0xbf, 0xf4, 0x0, 0x0, 0x0, 0x1,
    0xef, 0xff, 0xf8, 0x7f, 0xf7, 0x0, 0x0, 0x0,
    0x0, 0x6, 0xff, 0xff, 0xff, 0xfb, 0x0, 0x0,
    0x0, 0x0, 0x0, 0xb, 0xff, 0xff, 0xfe, 0x10,
    0x0, 0x0, 0x0, 0x0, 0x0, 0x2f, 0xff, 0xff,
    0x80, 0x0, 0x0, 0x0, 0x0, 0x0, 0x0, 0x7f,
    0xff, 0xff, 0x20, 0x0, 0x0, 0x0, 0x0, 0x0,
    0x3, 0xff, 0xff, 0xfb, 0x0, 0x0, 0x0, 0x0,
    0x0, 0x1, 0xef, 0xff, 0xff, 0xf6, 0x0, 0x0,
    0x0, 0x0, 0x0, 0xbf, 0xfb, 0xff, 0xff, 0xe1,
    0x0, 0x0, 0x0, 0x0, 0x7f, 0xf8, 0xd, 0xff,
    0xff, 0xa0, 0x0, 0x0, 0x0, 0x3f, 0xfc, 0x0,
    0x3f, 0xff, 0xff, 0x40, 0x0, 0x0, 0x1e, 0xff,
    0x20, 0x0, 0x9f, 0xff, 0xfe, 0x0, 0x0, 0xb,
    0xff, 0xb0, 0x0, 0x0, 0xdf, 0xff, 0xf9, 0x0,
    0x4d, 0xff, 0xfe, 0x20, 0x0, 0x4, 0xff, 0xff,
    0xfa, 0x0,

    /* U+0079 "y" */
    0x8, 0xff, 0xff, 0xf6, 0x0, 0x0, 0xb, 0xff,
    0xfd, 0x20, 0x7, 0xff, 0xff, 0xd0, 0x0, 0x0,
    0x3f, 0xfd, 0x0, 0x0, 0x1f, 0xff, 0xff, 0x40,
    0x0, 0x5, 0xff, 0x60, 0x0, 0x0, 0x9f, 0xff,
    0xfb, 0x0, 0x0, 0xbf, 0xf0, 0x0, 0x0, 0x2,
    0xff, 0xff, 0xf2, 0x0, 0x2f, 0xf8, 0x0, 0x0,
    0x0, 0xb, 0xff, 0xff, 0x90, 0x9, 0xff, 0x20,
    0x0, 0x0, 0x0, 0x4f, 0xff, 0xff, 0x10, 0xff,
    0xa0, 0x0, 0x0, 0x0, 0x0, 0xdf, 0xff, 0xf7,
    0x6f, 0xf3, 0x0, 0x0, 0x0, 0x0, 0x6, 0xff,
    0xff, 0xed, 0xfc, 0x0, 0x0, 0x0, 0x0, 0x0,
    0xe, 0xff, 0xff, 0xff, 0x50, 0x0, 0x0, 0x0,
    0x0, 0x0, 0x8f, 0xff, 0xff, 0xe0, 0x0, 0x0,
    0x0, 0x0, 0x0, 0x1, 0xff, 0xff, 0xf7, 0x0,
    0x0, 0x0, 0x0, 0x0, 0x0, 0xa, 0xff, 0xff,
    0x10, 0x0, 0x0, 0x0, 0x0, 0x0, 0x0, 0x3f,
    0xff, 0x90, 0x0, 0x0, 0x0, 0x0, 0x0, 0x0,
    0x0, 0xcf, 0xf2, 0x0, 0x0, 0x0, 0x0, 0x0,
    0x0, 0x0, 0xd, 0xfb, 0x0, 0x0, 0x0, 0x0,
    0x0, 0x0, 0x0, 0xa, 0xff, 0x30, 0x0, 0x0,
    0x0, 0x0, 0x0, 0x0, 0x5, 0xff, 0xc0, 0x0,
    0x0, 0x0, 0x0, 0x0, 0x0, 0x2, 0xff, 0xf5,
    0x0, 0x0, 0x0, 0x0, 0x0, 0x0, 0x0, 0xcf,
    0xfe, 0x0, 0x0, 0x0, 0x0, 0x0, 0x0, 0x0,
    0x8f, 0xff, 0x70, 0x0, 0x0, 0x0, 0x0, 0x0,
    0x0, 0x3f, 0xff, 0xf1, 0x0, 0x0, 0x0, 0x0,
    0x0, 0x0, 0x1e, 0xda, 0x95, 0x0, 0x0, 0x0,
    0x0, 0x0, 0x0, 0x1, 0x10, 0x0, 0x0, 0x0,
    0x0, 0x0, 0x0, 0x0,

    /* U+007A "z" */
    0x8, 0xff, 0xff, 0xff, 0xff, 0xff, 0xff, 0xa0,
    0x8f, 0xff, 0xff, 0xff, 0xff, 0xff, 0xf2, 0x8,
    0xf8, 0x20, 0x0, 0x6f, 0xff, 0xf8, 0x0, 0x88,
    0x0, 0x0, 0xe, 0xff, 0xfe, 0x10, 0x7, 0x0,
    0x0, 0x8, 0xff, 0xff, 0x70, 0x0, 0x10, 0x0,
    0x1, 0xff, 0xff, 0xd0, 0x0, 0x0, 0x0, 0x0,
    0xaf, 0xff, 0xf5, 0x0, 0x0, 0x0, 0x0, 0x3f,
    0xff, 0xfc, 0x0, 0x0, 0x0, 0x0, 0xc, 0xff,
    0xff, 0x30, 0x0, 0x0, 0x0, 0x5, 0xff, 0xff,
    0xa0, 0x0, 0x0, 0x0, 0x0, 0xdf, 0xff, 0xf1,
    0x0, 0x0, 0x0, 0x0, 0x7f, 0xff, 0xf8, 0x0,
    0x0, 0x1, 0x0, 0x1f, 0xff, 0xfe, 0x0, 0x0,
    0x1, 0x70, 0x9, 0xff, 0xff, 0x60, 0x0, 0x0,
    0x97, 0x2, 0xff, 0xff, 0xd0, 0x0, 0x3, 0x9f,
    0x70, 0xbf, 0xff, 0xff, 0xff, 0xff, 0xff, 0xf7,
    0x4f, 0xff, 0xff, 0xff, 0xff, 0xff, 0xff, 0x70,

    /* U+007B "{" */
    0x0, 0x0, 0x0, 0x0, 0x0, 0x0, 0x0, 0x0,
    0x0, 0x0, 0x65, 0x0, 0x0, 0x0, 0x1, 0xcc,
    0x0, 0x0, 0x0, 0x1, 0xdf, 0x50, 0x0, 0x0,
    0x0, 0xaf, 0xf2, 0x0, 0x0, 0x0, 0x3f, 0xff,
    0x0, 0x0, 0x0, 0x9, 0xff, 0xf0, 0x0, 0x0,
    0x0, 0xef, 0xff, 0x0, 0x0, 0x0, 0x1f, 0xff,
    0xf0, 0x0, 0x0, 0x3, 0xff, 0xff, 0x0, 0x0,
    0x0, 0x5f, 0xff, 0xf0, 0x0, 0x0, 0x6, 0xff,
    0xff, 0x0, 0x0, 0x0, 0x7f, 0xff, 0xf0, 0x0,
    0x0, 0xa, 0xff, 0xff, 0x0, 0x0, 0x3, 0xff,
    0xff, 0x90, 0x0, 0x28, 0xff, 0xe7, 0x10, 0x0,
    0x4, 0xaf, 0xfc, 0x50, 0x0, 0x0, 0x0, 0x4f,
    0xff, 0xe7, 0x0, 0x0, 0x0, 0xaf, 0xff, 0xf0,
    0x0, 0x0, 0x7, 0xff, 0xff, 0x0, 0x0, 0x0,
    0x6f, 0xff, 0xf0, 0x0, 0x0, 0x6, 0xff, 0xff,
    0x0, 0x0, 0x0, 0x6f, 0xff, 0xf0, 0x0, 0x0,
    0x5, 0xff, 0xff, 0x0, 0x0, 0x0, 0x4f, 0xff,
    0xf0, 0x0, 0x0, 0x2, 0xff, 0xff, 0x0, 0x0,
    0x0, 0xf, 0xff, 0xf0, 0x0, 0x0, 0x0, 0xaf,
    0xff, 0x0, 0x0, 0x0, 0x3, 0xff, 0xf1, 0x0,
    0x0, 0x0, 0xb, 0xff, 0x20, 0x0, 0x0, 0x0,
    0x1d, 0xf7, 0x0, 0x0, 0x0, 0x0, 0x9, 0xe1,
    0x0, 0x0, 0x0, 0x0, 0x2, 0x40,

    /* U+007C "|" */
    0x9f, 0xfd, 0x9f, 0xfd, 0x9f, 0xfd, 0x9f, 0xfd,
    0x9f, 0xfd, 0x9f, 0xfd, 0x9f, 0xfd, 0x9f, 0xfd,
    0x9f, 0xfd, 0x9f, 0xfd, 0x9f, 0xfd, 0x9f, 0xfd,
    0x9f, 0xfd, 0x9f, 0xfd, 0x9f, 0xfd, 0x9f, 0xfd,
    0x9f, 0xfd, 0x9f, 0xfd, 0x9f, 0xfd, 0x9f, 0xfd,
    0x9f, 0xfd, 0x9f, 0xfd, 0x9f, 0xfd, 0x9f, 0xfd,
    0x9f, 0xfd, 0x9f, 0xfd, 0x9f, 0xfd, 0x9f, 0xfd,
    0x9f, 0xfd, 0x9f, 0xfd, 0x9f, 0xfd, 0x9f, 0xfd,

    /* U+007D "}" */
    0x0, 0x0, 0x0, 0x0, 0x0, 0x0, 0x74, 0x0,
    0x0, 0x0, 0x0, 0x0, 0xea, 0x0, 0x0, 0x0,
    0x0, 0x8, 0xfb, 0x0, 0x0, 0x0, 0x0, 0x5f,
    0xf7, 0x0, 0x0, 0x0, 0x3, 0xff, 0xf0, 0x0,
    0x0, 0x0, 0x3f, 0xff, 0x60, 0x0, 0x0, 0x3,
    0xff, 0xfa, 0x0, 0x0, 0x0, 0x3f, 0xff, 0xe0,
    0x0, 0x0, 0x3, 0xff, 0xff, 0x0, 0x0, 0x0,
    0x3f, 0xff, 0xf2, 0x0, 0x0, 0x3, 0xff, 0xff,
    0x20, 0x0, 0x0, 0x3f, 0xff, 0xf3, 0x0, 0x0,
    0x3, 0xff, 0xff, 0x60, 0x0, 0x0, 0x1b, 0xff,
    0xfe, 0x10, 0x0, 0x0, 0x2, 0x8f, 0xfe, 0x61,
    0x0, 0x0, 0x6, 0xdf, 0xf8, 0x30, 0x1, 0x9f,
    0xff, 0xe2, 0x0, 0x0, 0x3f, 0xff, 0xf7, 0x0,
    0x0, 0x3, 0xff, 0xff, 0x30, 0x0, 0x0, 0x3f,
    0xff, 0xf3, 0x0, 0x0, 0x3, 0xff, 0xff, 0x30,
    0x0, 0x0, 0x3f, 0xff, 0xf2, 0x0, 0x0, 0x3,
    0xff, 0xff, 0x20, 0x0, 0x0, 0x3f, 0xff, 0xf0,
    0x0, 0x0, 0x3, 0xff, 0xfe, 0x0, 0x0, 0x0,
    0x3f, 0xff, 0xa0, 0x0, 0x0, 0x3, 0xff, 0xf5,
    0x0, 0x0, 0x0, 0x4f, 0xfe, 0x0, 0x0, 0x0,
    0x6, 0xff, 0x60, 0x0, 0x0, 0x0, 0xaf, 0x80,
    0x0, 0x0, 0x0, 0x3f, 0x60, 0x0, 0x0, 0x0,
    0x5, 0x10, 0x0, 0x0, 0x0, 0x0,

    /* U+007E "~" */
    0x0, 0x0, 0x89, 0x85, 0x10, 0x0, 0x0, 0x0,
    0x0, 0x0, 0x9f, 0xff, 0xff, 0x93, 0x0, 0x0,
    0x41, 0x0, 0x5f, 0xff, 0xff, 0xff, 0xfd, 0xaa,
    0xd5, 0x0, 0x2f, 0xff, 0xff, 0xff, 0xff, 0xff,
    0xf9, 0x0, 0x7, 0x30, 0x2, 0x7e, 0xff, 0xff,
    0xfd, 0x0, 0x0, 0x0, 0x0, 0x0, 0x6, 0xbe,
    0xfe, 0x30, 0x0,

    /* U+00B0 "°" */
    0x0, 0x2a, 0xef, 0xd6, 0x0, 0x3, 0xff, 0xff,
    0xff, 0x90, 0xc, 0xfb, 0x10, 0x5f, 0xf3, 0xf,
    0xf3, 0x0, 0xb, 0xf7, 0xf, 0xf3, 0x0, 0xb,
    0xf7, 0xc, 0xfb, 0x10, 0x5f, 0xf3, 0x3, 0xff,
    0xff, 0xff, 0x90, 0x0, 0x2a, 0xef, 0xd6, 0x0
};


/*---------------------
 *  GLYPH DESCRIPTION
 *--------------------*/

static const lv_font_fmt_txt_glyph_dsc_t glyph_dsc[] = {
    {.bitmap_index = 0, .adv_w = 0, .box_w = 0, .box_h = 0, .ofs_x = 0, .ofs_y = 0} /* id = 0 reserved */,
    {.bitmap_index = 0, .adv_w = 130, .box_w = 0, .box_h = 0, .ofs_x = 0, .ofs_y = 0},
    {.bitmap_index = 0, .adv_w = 161, .box_w = 8, .box_h = 24, .ofs_x = 1, .ofs_y = -1},
    {.bitmap_index = 96, .adv_w = 220, .box_w = 12, .box_h = 10, .ofs_x = 1, .ofs_y = 15},
    {.bitmap_index = 156, .adv_w = 337, .box_w = 18, .box_h = 23, .ofs_x = 2, .ofs_y = 0},
    {.bitmap_index = 363, .adv_w = 246, .box_w = 14, .box_h = 30, .ofs_x = 1, .ofs_y = -3},
    {.bitmap_index = 573, .adv_w = 468, .box_w = 28, .box_h = 23, .ofs_x = 1, .ofs_y = 0},
    {.bitmap_index = 895, .adv_w = 343, .box_w = 20, .box_h = 23, .ofs_x = 1, .ofs_y = 0},
    {.bitmap_index = 1125, .adv_w = 117, .box_w = 5, .box_h = 10, .ofs_x = 1, .ofs_y = 15},
    {.bitmap_index = 1150, .adv_w = 189, .box_w = 10, .box_h = 33, .ofs_x = 1, .ofs_y = -7},
    {.bitmap_index = 1315, .adv_w = 189, .box_w = 10, .box_h = 33, .ofs_x = 0, .ofs_y = -7},
    {.bitmap_index = 1480, .adv_w = 296, .box_w = 22, .box_h = 20, .ofs_x = -2, .ofs_y = 6},
    {.bitmap_index = 1700, .adv_w = 337, .box_w = 17, .box_h = 16, .ofs_x = 2, .ofs_y = 4},
    {.bitmap_index = 1836, .adv_w = 150, .box_w = 8, .box_h = 13, .ofs_x = 1, .ofs_y = -6},
    {.bitmap_index = 1888, .adv_w = 284, .box_w = 16, .box_h = 4, .ofs_x = 1, .ofs_y = 8},
    {.bitmap_index = 1920, .adv_w = 150, .box_w = 8, .box_h = 8, .ofs_x = 1, .ofs_y = -1},
    {.bitmap_index = 1952, .adv_w = 225, .box_w = 14, .box_h = 27, .ofs_x = 0, .ofs_y = -2},
    {.bitmap_index = 2141, .adv_w = 337, .box_w = 19, .box_h = 23, .ofs_x = 1, .ofs_y = 0},
    {.bitmap_index = 2360, .adv_w = 245, .box_w = 13, .box_h = 23, .ofs_x = 1, .ofs_y = 0},
    {.bitmap_index = 2510, .adv_w = 285, .box_w = 16, .box_h = 23, .ofs_x = 0, .ofs_y = 0},
    {.bitmap_index = 2694, .adv_w = 269, .box_w = 16, .box_h = 23, .ofs_x = 0, .ofs_y = 0},
    {.bitmap_index = 2878, .adv_w = 309, .box_w = 18, .box_h = 26, .ofs_x = 0, .ofs_y = -1},
    {.bitmap_index = 3112, .adv_w = 285, .box_w = 16, .box_h = 25, .ofs_x = 1, .ofs_y = 0},
    {.bitmap_index = 3312, .adv_w = 320, .box_w = 18, .box_h = 23, .ofs_x = 1, .ofs_y = 0},
    {.bitmap_index = 3519, .adv_w = 269, .box_w = 17, .box_h = 24, .ofs_x = 0, .ofs_y = -1},
    {.bitmap_index = 3723, .adv_w = 324, .box_w = 18, .box_h = 23, .ofs_x = 1, .ofs_y = 0},
    {.bitmap_index = 3930, .adv_w = 320, .box_w = 18, .box_h = 23, .ofs_x = 1, .ofs_y = 0},
    {.bitmap_index = 4137, .adv_w = 150, .box_w = 8, .box_h = 18, .ofs_x = 1, .ofs_y = -1},
    {.bitmap_index = 4209, .adv_w = 150, .box_w = 8, .box_h = 23, .ofs_x = 1, .ofs_y = -6},
    {.bitmap_index = 4301, .adv_w = 337, .box_w = 17, .box_h = 15, .ofs_x = 2, .ofs_y = 4},
    {.bitmap_index = 4429, .adv_w = 337, .box_w = 17, .box_h = 10, .ofs_x = 2, .ofs_y = 7},
    {.bitmap_index = 4514, .adv_w = 337, .box_w = 17, .box_h = 15, .ofs_x = 2, .ofs_y = 4},
    {.bitmap_index = 4642, .adv_w = 291, .box_w = 15, .box_h = 25, .ofs_x = 1, .ofs_y = -2},
    {.bitmap_index = 4830, .adv_w = 424, .box_w = 25, .box_h = 24, .ofs_x = 1, .ofs_y = -4},
    {.bitmap_index = 5130, .adv_w = 347, .box_w = 24, .box_h = 25, .ofs_x = -1, .ofs_y = 0},
    {.bitmap_index = 5430, .adv_w = 327, .box_w = 19, .box_h = 23, .ofs_x = 1, .ofs_y = 0},
    {.bitmap_index = 5649, .adv_w = 322, .box_w = 18, .box_h = 23, .ofs_x = 1, .ofs_y = 0},
    {.bitmap_index = 5856, .adv_w = 379, .box_w = 22, .box_h = 23, .ofs_x = 1, .ofs_y = 0},
    {.bitmap_index = 6109, .adv_w = 295, .box_w = 17, .box_h = 23, .ofs_x = 1, .ofs_y = 0},
    {.bitmap_index = 6305, .adv_w = 266, .box_w = 16, .box_h = 30, .ofs_x = 1, .ofs_y = -7},
    {.bitmap_index = 6545, .adv_w = 375, .box_w = 21, .box_h = 30, .ofs_x = 1, .ofs_y = -7},
    {.bitmap_index = 6860, .adv_w = 383, .box_w = 22, .box_h = 30, .ofs_x = 1, .ofs_y = -7},
    {.bitmap_index = 7190, .adv_w = 190, .box_w = 10, .box_h = 27, .ofs_x = 1, .ofs_y = -4},
    {.bitmap_index = 7325, .adv_w = 193, .box_w = 12, .box_h = 30, .ofs_x = -1, .ofs_y = -7},
    {.bitmap_index = 7505, .adv_w = 359, .box_w = 26, .box_h = 30, .ofs_x = 1, .ofs_y = -7},
    {.bitmap_index = 7895, .adv_w = 275, .box_w = 16, .box_h = 23, .ofs_x = 1, .ofs_y = 0},
    {.bitmap_index = 8079, .adv_w = 457, .box_w = 27, .box_h = 25, .ofs_x = 1, .ofs_y = -2},
    {.bitmap_index = 8417, .adv_w = 367, .box_w = 22, .box_h = 25, .ofs_x = 0, .ofs_y = -2},
    {.bitmap_index = 8692, .adv_w = 390, .box_w = 22, .box_h = 23, .ofs_x = 1, .ofs_y = 0},
    {.bitmap_index = 8945, .adv_w = 321, .box_w = 19, .box_h = 27, .ofs_x = 1, .ofs_y = -4},
    {.bitmap_index = 9202, .adv_w = 390, .box_w = 29, .box_h = 30, .ofs_x = 1, .ofs_y = -7},
    {.bitmap_index = 9637, .adv_w = 345, .box_w = 26, .box_h = 30, .ofs_x = 1, .ofs_y = -7},
    {.bitmap_index = 10027, .adv_w = 277, .box_w = 16, .box_h = 23, .ofs_x = 1, .ofs_y = 0},
    {.bitmap_index = 10211, .adv_w = 299, .box_w = 19, .box_h = 23, .ofs_x = 0, .ofs_y = 0},
    {.bitmap_index = 10430, .adv_w = 351, .box_w = 21, .box_h = 23, .ofs_x = 1, .ofs_y = 0},
    {.bitmap_index = 10672, .adv_w = 326, .box_w = 22, .box_h = 26, .ofs_x = -1, .ofs_y = -3},
    {.bitmap_index = 10958, .adv_w = 490, .box_w = 32, .box_h = 26, .ofs_x = -1, .ofs_y = -2},
    {.bitmap_index = 11374, .adv_w = 352, .box_w = 23, .box_h = 26, .ofs_x = 0, .ofs_y = -3},
    {.bitmap_index = 11673, .adv_w = 326, .box_w = 22, .box_h = 23, .ofs_x = -1, .ofs_y = 0},
    {.bitmap_index = 11926, .adv_w = 287, .box_w = 17, .box_h = 23, .ofs_x = 0, .ofs_y = 0},
    {.bitmap_index = 12122, .adv_w = 189, .box_w = 10, .box_h = 32, .ofs_x = 1, .ofs_y = -7},
    {.bitmap_index = 12282, .adv_w = 193, .box_w = 13, .box_h = 27, .ofs_x = 0, .ofs_y = -2},
    {.bitmap_index = 12458, .adv_w = 189, .box_w = 10, .box_h = 32, .ofs_x = 0, .ofs_y = -7},
    {.bitmap_index = 12618, .adv_w = 337, .box_w = 17, .box_h = 12, .ofs_x = 2, .ofs_y = 11},
    {.bitmap_index = 12720, .adv_w = 272, .box_w = 19, .box_h = 2, .ofs_x = -1, .ofs_y = -3},
    {.bitmap_index = 12739, .adv_w = 218, .box_w = 11, .box_h = 6, .ofs_x = 0, .ofs_y = 18},
    {.bitmap_index = 12772, .adv_w = 278, .box_w = 18, .box_h = 17, .ofs_x = 0, .ofs_y = 0},
    {.bitmap_index = 12925, .adv_w = 321, .box_w = 20, .box_h = 26, .ofs_x = 0, .ofs_y = -1},
    {.bitmap_index = 13185, .adv_w = 267, .box_w = 16, .box_h = 17, .ofs_x = 1, .ofs_y = 0},
    {.bitmap_index = 13321, .adv_w = 318, .box_w = 17, .box_h = 26, .ofs_x = 1, .ofs_y = -1},
    {.bitmap_index = 13542, .adv_w = 277, .box_w = 16, .box_h = 17, .ofs_x = 1, .ofs_y = 0},
    {.bitmap_index = 13678, .adv_w = 201, .box_w = 15, .box_h = 25, .ofs_x = 0, .ofs_y = 0},
    {.bitmap_index = 13866, .adv_w = 272, .box_w = 17, .box_h = 24, .ofs_x = 0, .ofs_y = -7},
    {.bitmap_index = 14070, .adv_w = 324, .box_w = 20, .box_h = 25, .ofs_x = 0, .ofs_y = 0},
    {.bitmap_index = 14320, .adv_w = 160, .box_w = 10, .box_h = 26, .ofs_x = 0, .ofs_y = 0},
    {.bitmap_index = 14450, .adv_w = 160, .box_w = 9, .box_h = 33, .ofs_x = 0, .ofs_y = -7},
    {.bitmap_index = 14599, .adv_w = 300, .box_w = 21, .box_h = 25, .ofs_x = -1, .ofs_y = 0},
    {.bitmap_index = 14862, .adv_w = 160, .box_w = 10, .box_h = 25, .ofs_x = 0, .ofs_y = 0},
    {.bitmap_index = 14987, .adv_w = 455, .box_w = 28, .box_h = 17, .ofs_x = 0, .ofs_y = 0},
    {.bitmap_index = 15225, .adv_w = 324, .box_w = 20, .box_h = 17, .ofs_x = 0, .ofs_y = 0},
    {.bitmap_index = 15395, .adv_w = 308, .box_w = 18, .box_h = 17, .ofs_x = 1, .ofs_y = 0},
    {.bitmap_index = 15548, .adv_w = 321, .box_w = 20, .box_h = 26, .ofs_x = 0, .ofs_y = -9},
    {.bitmap_index = 15808, .adv_w = 315, .box_w = 17, .box_h = 26, .ofs_x = 1, .ofs_y = -9},
    {.bitmap_index = 16029, .adv_w = 231, .box_w = 15, .box_h = 17, .ofs_x = 0, .ofs_y = 0},
    {.bitmap_index = 16157, .adv_w = 220, .box_w = 12, .box_h = 17, .ofs_x = 1, .ofs_y = 0},
    {.bitmap_index = 16259, .adv_w = 204, .box_w = 13, .box_h = 22, .ofs_x = 0, .ofs_y = 0},
    {.bitmap_index = 16402, .adv_w = 321, .box_w = 20, .box_h = 17, .ofs_x = 0, .ofs_y = 0},
    {.bitmap_index = 16572, .adv_w = 277, .box_w = 19, .box_h = 18, .ofs_x = -1, .ofs_y = -1},
    {.bitmap_index = 16743, .adv_w = 402, .box_w = 27, .box_h = 20, .ofs_x = -1, .ofs_y = -1},
    {.bitmap_index = 17013, .adv_w = 296, .box_w = 19, .box_h = 17, .ofs_x = 0, .ofs_y = 0},
    {.bitmap_index = 17175, .adv_w = 277, .box_w = 19, .box_h = 24, .ofs_x = -1, .ofs_y = -7},
    {.bitmap_index = 17403, .adv_w = 249, .box_w = 15, .box_h = 17, .ofs_x = 0, .ofs_y = 0},
    {.bitmap_index = 17531, .adv_w = 189, .box_w = 11, .box_h = 33, .ofs_x = 0, .ofs_y = -7},
    {.bitmap_index = 17713, .adv_w = 163, .box_w = 4, .box_h = 32, .ofs_x = 3, .ofs_y = -7},
    {.bitmap_index = 17777, .adv_w = 189, .box_w = 11, .box_h = 33, .ofs_x = 0, .ofs_y = -7},
    {.bitmap_index = 17959, .adv_w = 337, .box_w = 17, .box_h = 6, .ofs_x = 2, .ofs_y = 9},
    {.bitmap_index = 18010, .adv_w = 167, .box_w = 10, .box_h = 8, .ofs_x = 0, .ofs_y = 15}
};

/*---------------------
 *  CHARACTER MAPPING
 *--------------------*/



/*Collect the unicode lists and glyph_id offsets*/
static const lv_font_fmt_txt_cmap_t cmaps[] =
{
    {
        .range_start = 32, .range_length = 95, .glyph_id_start = 1,
        .unicode_list = NULL, .glyph_id_ofs_list = NULL, .list_length = 0, .type = LV_FONT_FMT_TXT_CMAP_FORMAT0_TINY
    },
    {
        .range_start = 176, .range_length = 1, .glyph_id_start = 96,
        .unicode_list = NULL, .glyph_id_ofs_list = NULL, .list_length = 0, .type = LV_FONT_FMT_TXT_CMAP_FORMAT0_TINY
    }
};

/*-----------------
 *    KERNING
 *----------------*/


/*Map glyph_ids to kern left classes*/
static const uint8_t kern_left_class_mapping[] =
{
    0, 1, 0, 2, 0, 0, 0, 3,
    2, 0, 0, 4, 0, 5, 6, 7,
    8, 9, 10, 11, 12, 13, 14, 15,
    16, 17, 18, 19, 19, 0, 0, 0,
    20, 0, 21, 22, 23, 24, 25, 26,
    27, 28, 28, 29, 30, 31, 28, 28,
    32, 33, 34, 35, 36, 37, 38, 39,
    39, 40, 41, 42, 43, 0, 0, 0,
    0, 0, 44, 45, 46, 47, 48, 49,
    50, 51, 52, 52, 53, 47, 51, 51,
    54, 45, 55, 56, 57, 58, 59, 60,
    60, 61, 60, 62, 0, 0, 0, 0,
    0
};

/*Map glyph_ids to kern right classes*/
static const uint8_t kern_right_class_mapping[] =
{
    0, 1, 2, 3, 0, 0, 0, 4,
    3, 0, 5, 6, 0, 7, 8, 9,
    10, 11, 12, 13, 14, 15, 16, 17,
    18, 19, 20, 21, 21, 0, 0, 0,
    22, 0, 23, 24, 25, 24, 24, 24,
    25, 24, 26, 27, 24, 24, 24, 28,
    25, 24, 25, 24, 29, 30, 31, 32,
    32, 33, 34, 35, 36, 0, 37, 0,
    0, 0, 38, 39, 40, 41, 40, 42,
    43, 44, 45, 46, 44, 44, 47, 47,
    48, 49, 40, 47, 50, 51, 52, 53,
    53, 54, 55, 56, 0, 0, 5, 0,
    0
};

/*Kern values between classes*/
static const int8_t kern_class_values[] =
{
    0, 0, -27, 0, 0, 0, -27, 0,
    -27, 0, 0, 0, 0, 0, 0, 0,
    0, 0, 0, 0, 0, 0, -16, 0,
    0, 0, 0, 0, 0, -11, 0, -16,
    0, 0, 0, 0, 0, 0, 0, 0,
    0, 0, 0, 0, 0, 0, 0, 0,
    0, 0, 0, 0, 0, 0, 0, 0,
    -27, 0, 0, 0, 0, 0, 0, 0,
    -27, 0, 0, 0, 0, 0, 0, 0,
    0, 0, 0, 0, 0, 0, -49, 0,
    0, 0, 0, 0, 0, 0, 0, 0,
    0, 0, 0, 0, 0, 0, 0, -27,
    -27, 0, 0, 0, 0, 0, 0, -27,
    0, -27, -22, 0, 0, 0, 0, 0,
    0, 0, 0, 0, 0, 0, 0, 0,
    0, 0, 0, 0, 0, 0, 0, 0,
    0, 0, 0, 0, 0, 0, 0, -16,
    -11, -16, -16, -16, -8, -27, -27, -44,
    0, 0, -5, 0, 0, 0, 0, 0,
    0, 0, 0, 0, 0, 0, 0, 0,
    0, 0, 0, 0, 0, 0, 0, 0,
    0, 0, 0, 0, 0, 0, 0, 0,
    0, 0, 0, 0, 0, 0, 0, 0,
    0, 0, 0, 0, 0, 0, -41, 0,
    0, 0, 0, 0, 0, 22, 0, 0,
    0, 0, 0, 0, 0, 0, 0, 0,
    0, 0, 0, 0, 0, 0, 0, 0,
    0, 0, 0, 0, 11, 0, 11, 5,
    -27, 0, 0, 0, 0, 0, 0, 0,
    0, 0, -14, 0, 0, 0, -16, 0,
    0, -11, 0, 0, 0, 0, 0, 0,
    -19, 0, -14, 0, 0, -44, -14, -44,
    0, 0, 0, 0, 0, 0, 0, -5,
    -5, -11, -11, 0, 0, 0, 0, -5,
    0, 0, -14, 0, -33, 0, -33, 0,
    0, 0, 0, 0, 0, 0, 0, 0,
    0, 0, 0, -22, -38, -16, 0, 0,
    0, -38, 0, -11, 0, 0, -38, 0,
    0, 0, 0, 0, -16, -54, -5, -49,
    -24, 0, -14, 0, 0, -3, 0, 0,
    0, 0, 0, 0, 0, 0, 0, 0,
    0, 0, 0, 0, -16, -22, -16, -11,
    -27, 0, -27, 0, 0, 0, 0, 0,
    0, 0, -14, 0, 0, 0, -16, 0,
    0, -11, 0, 0, 0, 0, 0, 0,
    -19, 0, -14, 0, 0, -44, -14, -44,
    0, 0, 0, 0, 0, 0, 0, -5,
    -5, -11, -11, 0, 0, 0, 0, -5,
    0, 0, -14, 0, -33, 0, -33, 0,
    0, 0, 0, 0, 0, 0, 0, 0,
    0, 0, 0, 0, 0, 0, -33, -11,
    -24, 19, 0, 0, 0, 0, 0, 0,
    0, 0, 0, 0, 0, 0, 0, 0,
    0, 0, 0, 0, 0, 0, 0, 0,
    0, 0, 0, 0, 0, 0, 0, 0,
    0, 0, 0, 0, 0, 0, 0, 0,
    0, 0, 0, 0, 0, 0, -14, 0,
    -14, 0, 0, 0, 0, -5, 0, 0,
    0, 0, 0, 0, 0, 0, 0, 0,
    0, 0, 0, 0, 0, 0, 0, 0,
    0, 0, 0, 0, 0, 0, 0, 0,
    0, 0, 0, 0, 0, 0, 0, 0,
    0, 0, 0, 0, 0, 0, 0, 0,
    0, 0, 0, 0, 0, 0, 0, -11,
    0, 11, 0, 0, 0, 0, -14, 0,
    0, -5, 0, -14, 0, 0, 0, 0,
    0, 0, 0, 0, 0, 0, 0, 0,
    0, 0, 0, 0, 0, 0, 0, 0,
    0, 0, 0, 0, 0, 0, 0, 0,
    0, 0, 0, 0, 0, 0, 0, 0,
    0, 0, 0, 0, 0, 0, 0, 0,
    0, 0, 0, 0, 0, 0, -5, 0,
    0, 0, 0, 0, 0, 0, 0, 0,
    0, 0, 0, 0, 0, 0, 0, 0,
    0, 0, 0, 0, 0, 0, 0, 0,
    0, 0, 0, 0, 0, 0, 0, 0,
    0, 0, 0, 0, 0, 0, 0, 0,
    0, 0, 0, 0, 0, 0, 0, 0,
    0, 0, 0, 0, 0, 0, 8, 0,
    0, 0, 0, 0, 0, 0, 0, 0,
    0, 0, 0, 0, 0, 0, 0, 0,
    0, 0, 0, 0, 0, 0, 0, 0,
    0, 0, 0, 0, 0, 0, 0, 0,
    0, 0, 0, 0, 0, 0, 0, 0,
    0, 0, 0, 0, 0, 0, 0, 0,
    0, 0, 0, -5, -11, -8, 0, -14,
    -11, -5, 0, -22, 0, 0, 0, 0,
    0, 0, 0, 0, 0, 0, 0, 0,
    0, 0, 0, 0, 0, 0, 0, 0,
    0, 0, 0, 0, 0, 0, 0, 0,
    0, 0, 0, 0, 0, 0, 0, 0,
    0, 0, 0, 0, 0, 0, 0, 0,
    0, 0, 0, 0, -5, 0, 8, 0,
    0, 0, 0, -14, 0, 0, 0, 0,
    0, 0, 0, 0, 0, 0, 0, 0,
    0, 0, 0, 0, 0, 0, 0, 0,
    0, 0, 0, 0, 0, 0, 0, 0,
    0, 0, 0, 0, 0, 0, 0, 0,
    0, 0, 0, 0, 0, 0, -11, 0,
    -11, 0, 0, -5, -16, -5, 0, -14,
    0, -24, 0, -35, 0, 0, 0, 0,
    0, 0, 0, 0, 0, 0, 0, 0,
    0, 0, 0, 0, 0, 0, 0, 0,
    0, 0, 0, 0, 0, 0, 0, 0,
    0, 0, 0, 0, 0, 0, 0, 0,
    0, 0, 0, 0, 0, 0, -38, -5,
    -38, -33, 0, 0, 0, 0, -27, 0,
    -11, 27, -5, 0, 0, 0, 0, 0,
    0, 0, 0, 0, 0, 0, 0, 0,
    0, 0, 0, 0, 0, 0, 0, 0,
    0, 0, 0, 0, 0, 0, 0, 0,
    0, 0, 0, 0, 0, 0, 0, 0,
    0, 0, 0, 0, 0, 0, 0, 0,
    0, 0, 0, 0, -11, 0, 0, 0,
    0, 0, 0, -11, 0, 0, 0, 0,
    0, 0, 0, 0, 0, 0, 0, 0,
    0, 0, 0, 0, 0, 0, 0, 0,
    0, 0, 0, 0, 0, 0, 0, 0,
    0, 0, 0, 0, 0, 0, 0, 0,
    0, 0, 0, 0, 0, 0, -16, 0,
    -16, -24, 0, 0, -14, -8, 0, 0,
    0, 0, 0, 0, 0, 0, 0, 0,
    0, 0, 0, 0, 0, 0, 0, 0,
    0, 0, 0, 0, 0, 0, 0, 0,
    0, 0, 0, 0, 0, 0, 0, 0,
    0, 0, 0, 0, 0, 0, 0, 0,
    0, 0, 0, 0, 0, 0, 0, 0,
    0, 0, 0, 0, 0, 0, 0, 0,
    0, 0, 0, 0, 0, 0, 0, 0,
    0, 0, 0, 0, 0, -22, 0, -27,
    0, 0, 0, 0, 0, 0, 0, 0,
    0, 0, 0, 0, 0, 0, 0, 0,
    0, 0, 0, 0, 0, 0, 0, 0,
    0, 0, 0, 0, 0, 0, 0, 0,
    0, 0, 0, 0, 0, 0, 0, 0,
    0, 0, 0, 0, 0, 0, -49, 0,
    0, 0, 0, 0, 0, 0, 0, 0,
    0, 0, 0, 0, 0, 0, 0, 0,
    0, 0, 0, 0, 0, 0, 0, 0,
    0, 0, 0, 0, 0, 0, 0, 0,
    -16, 0, -49, -5, 0, -41, 0, -22,
    0, 0, 0, 0, 0, 0, 0, 0,
    0, 0, 0, 0, 0, -49, 24, 0,
    -22, 0, -5, 0, 0, -27, -27, -54,
    24, -54, 14, 0, 0, 0, 0, -8,
    -8, -5, -27, 0, 0, 0, 3, -8,
    0, 0, -22, -11, -35, 16, -35, 11,
    0, 0, 0, 0, 0, 0, 0, 0,
    0, 0, 0, 0, 0, 0, 0, 0,
    0, 0, 0, 0, 0, -11, -8, 0,
    0, 0, 0, 0, 0, 0, 0, -14,
    0, -19, 0, 0, 0, 0, 0, 0,
    0, 0, 0, 0, 0, 0, 0, 0,
    0, 0, -3, 0, 0, -5, 0, 0,
    0, 0, 0, 0, 0, 0, 0, -8,
    0, 0, 0, 0, 0, 0, 0, 0,
    0, 0, 0, 0, 0, 0, 5, 0,
    0, 0, 0, 0, 0, 0, 0, 0,
    0, 0, 0, 0, 0, 0, 0, 0,
    0, 0, -5, 0, 0, 0, 0, 0,
    0, 0, 0, -5, 0, 0, 0, 0,
    0, 0, 0, 0, 0, 0, -19, 0,
    -19, 0, 0, 0, 0, 0, 0, 0,
    0, 0, 0, 0, 0, -27, -22, 0,
    0, 0, 0, 0, 0, 0, 0, -22,
    0, -27, -5, 0, 0, 0, 0, 0,
    0, 0, 0, 0, 0, 0, 0, 0,
    0, 0, 0, 0, 0, 0, 0, 0,
    0, 0, 0, 0, 0, 0, 0, -5,
    0, 0, 0, 0, 0, 0, 0, 0,
    0, 0, 0, 0, 0, 0, 0, 0,
    0, 0, 0, 0, 0, -3, 0, 0,
    0, 0, 0, 0, 0, 0, 0, 0,
    0, 0, 0, 0, 0, 0, 0, 0,
    0, 0, -8, 0, 0, 0, 0, 0,
    0, 0, 0, -27, 0, 27, -49, -16,
    -49, 0, 0, 0, 0, 0, 0, 0,
    0, 0, 0, 0, 0, 0, -54, 0,
    0, 0, 22, 0, 5, 27, 0, 16,
    5, 16, 0, 0, 0, -27, 0, -24,
    -24, 0, -14, 0, 0, 0, -3, -24,
    0, -5, -14, 0, 11, 0, 11, -14,
    0, 0, 0, 0, 0, 0, 0, 0,
    0, 0, 0, 0, 0, 0, 0, 0,
    0, 0, 0, 0, 0, 0, -3, 0,
    0, 0, 0, 0, 0, 0, 0, 0,
    0, -24, 0, 0, 0, 0, 0, 0,
    0, 0, 0, 0, 0, 5, 0, 0,
    0, 0, 0, 0, -24, 0, -24, 0,
    0, 0, 0, -16, 0, 0, -16, 0,
    -16, 0, 0, 0, 0, 0, 0, 0,
    0, 0, 0, 0, 0, 0, -16, -5,
    -5, -5, 0, -5, 0, 0, -8, 0,
    0, 0, 0, 0, 0, -14, 0, -16,
    -16, 0, -5, 0, 0, 0, 0, -16,
    0, 0, -5, -5, 0, 0, 0, 0,
    0, 0, 0, -16, 0, 0, -14, 0,
    -14, 0, 0, 0, 0, 0, 0, 0,
    0, 0, 0, 0, 0, 0, -8, 0,
    -5, 0, 0, 0, 0, 0, 0, 0,
    0, 0, 0, 0, 0, 0, 0, -5,
    -5, -11, -11, 0, 0, 0, -3, -5,
    -5, -14, -5, -8, 0, -3, 0, -5,
    0, 0, 0, -22, 82, 0, 38, 0,
    0, 0, 0, 0, 0, 0, 0, 0,
    0, 0, 0, 0, 38, -11, 27, 0,
    -24, 0, 46, 0, -5, 8, -11, 16,
    0, 16, 11, 65, 76, -5, 0, -16,
    -16, -8, 27, 0, 0, 71, 0, -16,
    38, -5, -14, -22, -41, 5, 63, 0,
    0, 0, -33, 5, 0, 0, 0, 0,
    0, 0, 0, 0, 0, 0, 0, 0,
    0, 0, 0, 0, 0, -44, 16, 0,
    -8, 0, -11, 0, 3, -27, -11, -49,
    11, -49, 0, 0, 0, 0, 0, 0,
    0, -5, 0, 0, 0, 0, 0, 0,
    0, 0, -8, -5, -27, 5, -27, 0,
    0, 0, 0, -5, 0, 0, -19, 0,
    -19, 0, 0, 0, 0, 0, 0, 0,
    0, 0, 0, 0, 0, -22, -22, -5,
    0, -5, -3, -5, 0, 0, 0, -16,
    -14, -27, -5, 0, 0, 0, 0, 0,
    0, 0, 0, 0, 0, 0, 0, 0,
    0, 0, 0, 0, 0, 0, 0, 0,
    0, 0, 0, -27, 0, 0, -71, 0,
    -71, 0, 0, 0, 0, 0, 0, 0,
    0, 0, 0, 0, 0, 0, -57, -5,
    0, -5, 0, -5, 0, 14, 0, 0,
    -11, -19, -3, 0, 0, -11, 0, -19,
    -19, -11, 0, 0, 0, 0, -11, -19,
    -11, -5, -11, 0, 5, 0, 5, -3,
    0, 0, 0, -5, 82, 0, 38, 0,
    -19, 0, 0, 0, 0, 0, 0, 0,
    0, 0, 0, 0, 38, -22, -22, -5,
    0, -5, 52, -5, 0, 0, -5, -16,
    -14, -27, -5, 65, 82, 0, 0, 0,
    0, 0, 27, 0, 0, 71, 0, 0,
    41, 0, 0, -5, 0, 0, 60, -3,
    0, 0, 0, -5, 92, 0, 44, -5,
    0, 0, 0, 0, 0, 0, 0, 0,
    0, 0, 0, 0, 44, -16, 35, 0,
    -5, 0, 63, 0, 0, 0, 0, -16,
    24, -22, 14, 82, 92, 0, 0, 0,
    0, 0, 41, 0, 0, 82, 11, 0,
    52, 5, 0, 0, 0, 19, 76, 14,
    0, 0, 0, 0, 0, 0, 0, 0,
    0, 0, 0, 0, 0, 0, 0, 0,
    0, 0, 0, 0, 0, -14, -5, -3,
    0, -3, -3, -3, 0, -5, 0, -11,
    -5, -14, 0, 0, 0, 0, 0, 0,
    0, -14, 0, 0, 0, 0, 0, 0,
    0, 0, -5, 0, -22, 0, -22, -3,
    -11, 0, 0, -27, 0, 22, -44, -54,
    -44, 0, 0, 0, 0, 0, 0, 0,
    0, 0, 0, 0, -22, 5, -27, 0,
    -5, 0, 16, 0, 16, 27, 0, 11,
    0, 11, 5, 0, 0, -27, 0, -27,
    -27, -5, -27, 0, 0, 0, 0, -27,
    0, -16, -22, -5, 8, 0, 8, -11,
    0, 0, 0, -22, 0, 0, -14, -5,
    -14, 0, 0, 0, 0, 0, 0, 0,
    0, 0, 0, 0, 0, 0, -27, -3,
    0, -5, 0, -3, 0, 0, 0, 0,
    0, 0, 0, 0, 0, 0, -5, -5,
    -5, -14, -8, -5, -5, -5, -5, -5,
    -5, -5, -14, -11, -5, -5, -5, -8,
    -16, 0, 0, -44, 0, 0, -44, -49,
    -44, 0, 0, 0, 0, 0, 0, 0,
    0, 0, 0, 0, -27, 0, -54, 0,
    -16, 0, 27, 0, 0, 11, 0, 22,
    11, 19, 0, 0, 0, -35, 0, -49,
    -49, -22, -33, 0, -19, -19, -27, -49,
    -16, -33, -27, -27, -5, -14, -5, -27,
    0, 0, 0, -22, 0, 0, 0, -14,
    0, 0, 0, 0, 0, 0, 0, 0,
    0, 0, 0, 0, 0, 0, 19, 0,
    -14, 0, 16, 0, 0, 0, 0, 11,
    0, 11, 0, 0, 0, -8, 0, -11,
    -11, -11, 11, 0, 0, 0, 0, -11,
    0, 0, -22, -24, -16, 0, -16, 0,
    0, 0, 0, 0, 0, 0, -44, 0,
    -44, 0, 0, 0, 0, 0, 0, 0,
    0, 0, 0, 0, -44, 0, -54, -5,
    -27, -5, 27, 5, -5, 11, 0, 19,
    11, 19, -11, 0, 0, -49, 0, -68,
    -63, -38, -44, 0, -24, -24, -38, -68,
    -44, -54, -38, -38, -38, -30, -38, -44,
    0, 0, 0, 0, 0, 0, 0, 0,
    0, 0, 0, 0, 0, 0, 0, 0,
    0, 0, 0, 0, 0, 0, 3, 0,
    -5, 0, 8, 0, 0, 0, 0, 0,
    0, 0, 0, 0, 0, 0, 0, 0,
    0, -5, -11, 0, 0, 0, 0, 0,
    0, 0, -11, -5, -5, -5, -5, 0,
    0, 0, 0, 0, 0, 0, 0, 0,
    0, 0, 0, 0, 0, 0, 0, 0,
    0, 0, 0, 0, 0, 0, 0, 0,
    -11, 0, 0, 0, 0, 0, 0, 0,
    0, 0, 0, 0, 0, 0, 0, 0,
    0, 0, 0, 0, 0, 0, 0, 0,
    0, 0, 0, 0, 0, 0, 0, 0,
    0, 0, 0, 0, 0, -16, 0, 0,
    0, 0, 0, 0, 0, 0, 0, 0,
    0, 0, 0, 0, 0, -35, 0, 0,
    0, 0, 0, 0, 0, -16, 0, -27,
    0, -54, 0, 0, 0, 0, 0, 0,
    0, 0, 0, 0, 0, 0, 0, 0,
    0, 0, -5, -11, -16, 0, -16, 0,
    0, 0, -27, 0, 0, -16, -5, 0,
    -5, 0, 0, 0, 0, 0, 0, 0,
    0, 0, 0, 0, 0, -35, 0, 0,
    0, 0, 0, 0, 0, -27, 0, -49,
    -19, -68, 0, 0, 0, 0, 0, 3,
    3, 0, 0, -3, 0, 0, -3, 3,
    0, 0, -5, -8, -22, -11, -22, 0,
    0, 0, 0, 0, 0, 0, 0, -11,
    0, 0, 0, 0, 0, 0, 0, 0,
    0, 0, 0, 0, 0, -35, 0, 0,
    0, 0, 0, 0, 0, -16, 0, -27,
    0, 0, 0, 0, 0, 0, -5, 0,
    0, 0, 0, 0, 0, 0, 0, 0,
    0, 0, -8, -3, -3, -3, -3, 0,
    0, 0, 0, 0, 0, 0, 0, 0,
    0, 0, 0, 0, 0, 0, 0, 0,
    0, 0, 0, 0, 0, 0, 0, 0,
    0, 0, 0, 0, 0, 0, 0, 0,
    0, 0, 0, 0, 0, 0, 0, 0,
    0, 0, 0, 0, 0, 0, 0, -5,
    0, 0, 0, -5, 0, 0, 0, 0,
    0, 0, 0, 0, 0, -11, 0, 0,
    0, 0, 0, 0, 0, 0, 0, 0,
    0, 0, 0, 0, 0, -35, 0, 0,
    0, 0, 0, 0, 0, -24, 0, -30,
    0, 0, 0, 0, 0, 0, -8, 0,
    0, -5, 0, -5, -5, -5, -5, 0,
    -5, 0, 0, -5, -8, -11, -8, 0,
    0, 27, 38, 0, 41, 49, -22, -11,
    -22, 0, 0, 0, 0, 0, 0, 0,
    0, 0, 0, 0, 0, 38, -19, 11,
    0, 11, 52, 22, 24, 46, 14, 41,
    33, 0, 22, 0, 41, -14, 35, -16,
    -16, -8, -5, 35, 22, 22, 8, -16,
    8, -11, -8, 8, -14, 16, -14, 0,
    0, 0, 0, 0, 0, 0, 0, 0,
    0, 0, 0, 0, 0, 0, 0, 0,
    0, 0, 0, 0, 0, -16, 11, 0,
    0, 0, 0, 0, 11, 11, 0, -16,
    5, -38, 3, 0, 0, 0, -5, -5,
    -5, 0, 0, 0, 0, 0, 0, -5,
    0, 0, -5, 0, 11, 8, 11, 5,
    0, 0, 0, 0, 0, -8, 0, 0,
    0, 0, 0, 0, 0, 0, 0, 0,
    0, 0, 0, 0, 0, -35, 0, 0,
    0, 0, 0, 0, 0, -11, 0, -27,
    0, -54, 0, 0, 0, 0, -5, 0,
    0, 0, -5, 0, 0, 0, 0, 0,
    0, 0, -11, -8, -14, 0, -14, 0,
    0, 0, 0, 0, 0, 0, 0, 0,
    0, 0, 0, 0, 0, 0, 0, 0,
    0, 0, 0, 0, 0, 0, 0, 0,
    0, 0, 0, 0, 0, 0, 0, 0,
    0, -24, 0, 0, 0, 0, 0, 0,
    0, 0, 0, 0, 0, 0, 0, -5,
    0, 0, 0, -5, 0, 0, 0, 0,
    0, 0, 0, 0, 0, 11, 0, -22,
    0, 0, 0, 0, 0, 0, 0, 0,
    0, 0, 0, 0, 0, -16, 22, 0,
    0, 0, 0, 0, 0, 16, 0, -27,
    16, 0, 5, 0, 0, 0, 0, -5,
    -5, -3, 19, 8, 5, 5, 8, -5,
    0, 0, -5, 0, 14, 24, 14, 22,
    0, 0, -27, 0, 0, -16, -5, 0,
    -5, 0, 0, 0, 0, 0, 0, 0,
    0, 0, 0, 0, 0, -35, 0, 0,
    0, 0, 0, 0, 0, -27, 0, -49,
    -19, -68, 0, 0, 0, 0, -5, 3,
    3, 0, 0, -3, 0, 0, -3, 3,
    0, 0, -5, -8, -22, -11, -22, 0,
    0, 0, 0, 0, 0, 0, 0, 0,
    0, 0, 0, 0, 0, 0, 0, 0,
    0, 0, 0, 0, 0, 0, 0, 0,
    0, 0, 0, 0, 0, 0, 0, 0,
    0, -44, 0, 0, 0, 0, 0, 0,
    0, 0, 0, 0, 0, 0, 0, -5,
    0, 0, 0, -5, 0, 0, 0, 0,
    0, 0, 0, 0, 0, 0, -33, 0,
    -33, 0, 0, 0, 0, 0, 0, 0,
    0, 0, 0, 0, 0, -14, -27, -22,
    0, -22, -19, -22, 0, 14, -16, -27,
    -27, -44, 0, 0, 0, -5, -5, -11,
    -11, 0, 3, 0, 0, 0, 0, -11,
    0, 0, 0, 0, 14, 5, 14, 0,
    0, 0, -27, 0, 0, 0, 0, -8,
    0, 0, 0, 0, 0, 0, 0, 0,
    0, 0, 0, 0, 0, -33, 0, 0,
    0, 0, 0, 0, 0, -11, 0, -38,
    0, -54, 0, 0, 0, 0, -8, -3,
    -3, -11, -14, 0, 0, 0, -3, -3,
    -5, -5, -14, -16, -14, -11, -14, -5,
    0, 0, -19, 0, 0, 0, -14, -11,
    -14, 0, 0, 0, 0, 0, 0, 0,
    0, 0, 0, 0, 0, -16, 0, 0,
    0, 0, 0, 0, 0, 0, -14, -27,
    -5, -38, 0, 0, 0, -11, -11, -16,
    -16, -24, -16, -8, -5, -5, -11, -16,
    -11, -14, -24, -11, -27, 0, -27, 0,
    0, 0, 0, 0, 0, 0, 0, 0,
    0, 0, 0, 0, 0, 0, 0, 0,
    0, 0, 0, 0, 0, -27, 14, 0,
    0, 0, 0, 0, 0, -22, 0, -27,
    0, -38, 0, 0, 0, 0, 0, 0,
    0, 0, 0, 0, 0, 0, 0, 0,
    0, 0, 0, 0, -5, 0, -5, 0,
    0, 0, 0, 0, 0, 11, -33, -22,
    -54, 0, 0, 0, 0, 0, 0, 0,
    0, 0, 0, 0, 0, -11, -35, 0,
    0, 0, 0, 0, 5, 8, 0, -5,
    -16, -38, 0, 0, 0, -14, -11, -22,
    -22, -16, -11, -8, 0, 0, 0, -22,
    0, -11, -16, 0, 14, 5, 14, -5,
    0, 0, 0, 0, 0, 0, 0, -24,
    0, 0, 0, 0, 0, 0, 0, 0,
    0, 0, 0, 0, 0, -16, 16, 0,
    0, 0, 0, 0, 0, 0, -5, -14,
    0, -30, 0, 0, 0, -3, -8, -11,
    -11, 0, 0, 0, 0, 0, 0, -11,
    0, -3, -14, -5, 3, 0, 3, 0,
    0, 0, 0, 0, 0, 11, 0, 0,
    0, 0, 0, 0, 0, 0, 0, 0,
    0, 0, 0, 0, 0, -14, 0, 0,
    0, 0, 0, 0, 3, 0, 0, -27,
    0, -44, 0, 0, 0, 0, -5, 0,
    0, 0, -5, 0, 0, 0, 0, 0,
    0, -5, -3, 0, 3, 0, 3, 0
};


/*Collect the kern class' data in one place*/
static const lv_font_fmt_txt_kern_classes_t kern_classes =
{
    .class_pair_values   = kern_class_values,
    .left_class_mapping  = kern_left_class_mapping,
    .right_class_mapping = kern_right_class_mapping,
    .left_class_cnt      = 62,
    .right_class_cnt     = 56,
};

/*--------------------
 *  ALL CUSTOM DATA
 *--------------------*/

#if LVGL_VERSION_MAJOR == 8
/*Store all the custom data of the font*/
static  lv_font_fmt_txt_glyph_cache_t cache;
#endif

#if LVGL_VERSION_MAJOR >= 8
static const lv_font_fmt_txt_dsc_t font_dsc = {
#else
static lv_font_fmt_txt_dsc_t font_dsc = {
#endif
    .glyph_bitmap = glyph_bitmap,
    .glyph_dsc = glyph_dsc,
    .cmaps = cmaps,
    .kern_dsc = &kern_classes,
    .kern_scale = 16,
    .cmap_num = 2,
    .bpp = 4,
    .kern_classes = 1,
    .bitmap_format = 0,
#if LVGL_VERSION_MAJOR == 8
    .cache = &cache
#endif
};



/*-----------------
 *  PUBLIC FONT
 *----------------*/

/*Initialize a public general font descriptor*/
#if LVGL_VERSION_MAJOR >= 8
const lv_font_t lv_font_beleren_bold_34 = {
#else
lv_font_t lv_font_beleren_bold_34 = {
#endif
    .get_glyph_dsc = lv_font_get_glyph_dsc_fmt_txt,    /*Function pointer to get glyph's data*/
    .get_glyph_bitmap = lv_font_get_bitmap_fmt_txt,    /*Function pointer to get glyph's bitmap*/
    .line_height = 36,          /*The maximum line height required by the font*/
    .base_line = 9,             /*Baseline measured from the bottom of the line*/
#if !(LVGL_VERSION_MAJOR == 6 && LVGL_VERSION_MINOR == 0)
    .subpx = LV_FONT_SUBPX_NONE,
#endif
#if LV_VERSION_CHECK(7, 4, 0) || LVGL_VERSION_MAJOR >= 8
    .underline_position = -3,
    .underline_thickness = 2,
#endif
    .dsc = &font_dsc,          /*The custom font data. Will be accessed by `get_glyph_bitmap/dsc` */
#if LV_VERSION_CHECK(8, 2, 0) || LVGL_VERSION_MAJOR >= 9
    .fallback = NULL,
#endif
    .user_data = NULL,
};



#endif /*#if LV_FONT_BELEREN_BOLD_34*/

